Restaurant Name,Rating,Reviews,Cuisine,Address,City,Restaurant URL,Image URL
Masala Republic By Dadu's,4.3,3027.0,"Asian, Continental, North Indian","3-6-14/3-5, Himayat Nagar Road, Chandra Nagar Basheer Bagh Hyderabad, Basheer Bagh, Hyderabad",Hyderabad,/hyderabad/masala-republic-by-dadus-basheer-bagh/info,https://b.zmtcdn.com/data/pictures/5/19137785/07cc555e09a96f9e4db509978e124cd6_featured_v2.jpg?output-format=webp
Mirame Cafe & Kitchen,4.3,1472.0,"Chinese, North Indian, Cafe","Chikkadpalli Road, Above Union Bank, Chikkadpally, Vivek Nagar, Himayatnagar, Hyderabad",Hyderabad,/hyderabad/mirame-cafe-kitchen-rtc-x-roads/info,https://b.zmtcdn.com/data/pictures/4/20567554/68ebff342b71012b0174a043b3f5d114_featured_v2.jpg?output-format=webp
Accha Telugu Kitchen & Bar,4.3,1332.0,"South Indian, Fast Food","Hussain Sagar, Opposite Lake Police Station, PV Narasimha Rao Marg, Somajiguda, Hyderabad",Hyderabad,/hyderabad/accha-telugu-kitchen-bar-somajiguda/info,https://b.zmtcdn.com/images/res_avatar_476_320_1x_new.png?output-format=webp
The Camp,4.2,1237.0,"Modern Indian, Bar Food, Alcoholic Beverages","9th Floor, Triveni Complex, Abids, Hyderabad",Hyderabad,/hyderabad/the-camp-abids/info,https://b.zmtcdn.com/data/pictures/9/21623459/6e5a31cdadae36e8c95dd66fd7c66392_featured_v2.jpg?output-format=webp
Qaffeine Bistro,4.4,247.0,"Continental, Cafe, Pizza","8-2-208/19, Road 10, Banjara Hills, Hyderabad",Hyderabad,/hyderabad/qaffeine-bistro-1-banjara-hills/info,https://b.zmtcdn.com/data/pictures/5/22629775/9c04b3af1a23831fc5c1e5b313da34ab_o2_featured_v2.jpg?output-format=webp
Parampara - Flavours Of India,4.1,3667.0,"North Indian, South Indian, Chinese","6-3-249/5/1/103 & 104, 1st Floor, ANR Centre, Road 1, Banjara Hills, Hyderabad",Hyderabad,/hyderabad/parampara-flavours-of-india-banjara-hills/info,https://b.zmtcdn.com/data/pictures/7/19538187/fab53c9564e27bf222294e566e5b4ce4_o2_featured_v2.jpg?output-format=webp
Bidri - Hyderabad Marriott Hotel & Convention Centre,4.4,623.0,"Hyderabadi, North Indian, Mughlai","Hyderabad Marriott Hotel & Convention Centre, Tank Bund Road, Near Necklace Road, Hyderabad",Hyderabad,/hyderabad/bidri-hyderabad-marriott-hotel-convention-centre-necklace-road/info,https://b.zmtcdn.com/data/pictures/4/91834/c6d038cc5612848e18526bf4a7c040be_featured_v2.jpg?output-format=webp
Krishnapatnam,4.2,3612.0,"Andhra, Chinese, North Indian","11-9-7/4, SR Apartment, Prabhat Nagar, Laxmi Nagar Colony, Kothapet, Hyderabad",Hyderabad,/hyderabad/krishnapatnam-kothapet/info,https://b.zmtcdn.com/data/pictures/9/21881299/cc7f6cc8f3b734cfb14176e6c8c15ec0_featured_v2.jpg?output-format=webp
Paneer Palace Pure Veg Multicuisine Fine Dine Restaurant,4.2,412.0,"North Indian, Chinese, South Indian","5th Floor, Fortune Enclave, Road 12, Banjara Hills, Hyderabad",Hyderabad,/hyderabad/paneer-palace-pure-veg-multicuisine-fine-dine-restaurant-banjara-hills/info,https://b.zmtcdn.com/data/pictures/2/22518082/6339eebb07c6d90ee1d946cc0400d59f_o2_featured_v2.jpg?output-format=webp
Okra - Hyderabad Marriott Hotel & Convention Centre,4.2,1805.0,"Continental, North Indian, Chinese","1-3-1036/1/A, Tank Bund Road, Opposite Hussain Sagar Lake, Kavadiguda, Circle 14, Hyderabad Marriott Hotel And Convention Centre, Rani Gunj, Secunderabad",Hyderabad,/hyderabad/okra-hyderabad-marriott-hotel-convention-centre-rani-gunj-secunderabad/info,https://b.zmtcdn.com/data/pictures/3/91833/8c1ffb906ab888a19c8af7119399c4cf_featured_v2.jpg
Hummus House,4.7,1733.0,"Mediterranean, Lebanese, Asian","2-674/B/3/2A, House 8, Sri Ram Nagar Colony, Road 12, Banjara Hills, Hyderabad",Hyderabad,/hyderabad/hummus-house-banjara-hills/info,https://b.zmtcdn.com/data/pictures/6/20703026/07a658a920b6ca4d46b97c14ead67c27_featured_v2.jpg
Hard Rock Cafe,4.2,7071.0,"American, Continental, Italian","Ground Floor, GVK One Mall, Road 1, Banjara Hills, Hyderabad",Hyderabad,/hyderabad/hard-rock-cafe-banjara-hills/info,https://b.zmtcdn.com/data/pictures/chains/0/91500/624438edd376ac880166c081ac642402_featured_v2.jpg
The Nawaab's Restaurant,4.2,199.0,"Biryani, Lucknowi, Hyderabadi","Banjara Hills Road 12, Opposite Police Commissionerate, Venkateswara Colony, Banjara Hills, Hyderabad",Hyderabad,/hyderabad/the-nawaabs-restaurant-banjara-hills/info,https://b.zmtcdn.com/images/res_avatar_476_320_1x_new.png
Habitat Cafe,4.4,9979.0,"Cafe, Coffee, Beverages","8-2-412, 5th Floor, Vimbari Boulevard, Sy 389, Khairtabad Circle 17, Road 4 & 6, Banjara Hills, Hyderabad",Hyderabad,/hyderabad/habitat-cafe-3-banjara-hills/info,https://b.zmtcdn.com/data/pictures/0/21058610/83c3937d18e9ce646cab62d5565f5d8a_featured_v2.jpg
Lake District Bar & Kitchen,4.0,2338.0,"North Indian, Chinese, Salad","Eat Street, PV Narasimha Rao Marg, Opposite Lake Police Station, Hussain Sagar Khairtabad, Hyderabad, Khairatabad, Hyderabad",Hyderabad,/hyderabad/lake-district-bar-kitchen-khairatabad/info,https://b.zmtcdn.com/images/res_avatar_476_320_1x_new.png
Bourbon & Breeze Rooftop Bar & Kitchen,4.1,1932.0,"Bar Food, Indo-Chinese, Asian","8-2, 293/174, 3rd Floor, Road 14, BN Reddy Colony, Banjara Hills, Hyderabad",Hyderabad,/hyderabad/bourbon-breeze-rooftop-bar-kitchen-banjara-hills/info,https://b.zmtcdn.com/data/pictures/8/21499898/f2c6760d81fc161b3be106683660ebf5_featured_v2.jpg
Makau,3.9,9290.0,"North Indian, Beverages, Asian","Plot 732, H.No. 8-2-293/82/A/732/1, CBI Colony, Road 37, Opposite GVPR Engineering's, Jubilee Hills, Hyderabad",Hyderabad,/hyderabad/makau-jubilee-hills/info,https://b.zmtcdn.com/data/pictures/4/19982534/169529ec69e973aa53d15c3d63535347_featured_v2.jpg
Angry Sardar,4.5,503.0,"North Indian, Chinese, Mughlai","Road 2, Parkview Enclave, Banjara Hills, Hyderabad",Hyderabad,/hyderabad/angry-sardar-banjara-hills/info,https://b.zmtcdn.com/data/pictures/0/22453120/10c775cc-1d45-4390-9813-ae051e4695aa_o2_featured_v2.jpg
Authentic Belgian Waffles,3.9,4.0,"Desserts, Fast Food, Shake","House 4-7-3/2/A/B/B, Plot 32, Survey 374/1, Near Tara College, Sangareddy, Hyderabad",Hyderabad,/hyderabad/authentic-belgian-waffles-sangareddy-hyderabad/info,https://b.zmtcdn.com/data/pictures/chains/7/19825617/059d73de3702b80f459bac6d87ff071a_featured_v2.jpg
Telangana Spice Kitchen,4.4,5839.0,"Biryani, South Indian, North Indian","108, 1-7-392 to 394, Circle 29, Sarojini Devi Road, Paradise Circle, Secunderabad",Hyderabad,/hyderabad/telangana-spice-kitchen-paradise-circle-secunderabad/info,https://b.zmtcdn.com/data/pictures/chains/9/18683769/e21efb7c60d1e63fa5c515f84fca19f4_featured_v2.jpg
Babylon Bar And Kitchen,4.3,4520.0,"Asian, Sushi, Chinese","Plot 346, 8-2-193/82/A/346/1, Jubilee Hills, Hyderabad",Hyderabad,/hyderabad/babylon-bar-and-kitchen-jubilee-hills/info,https://b.zmtcdn.com/images/res_avatar_476_320_1x_new.png
Verandah - The Park,4.2,3734.0,"North Indian, Continental, Chinese","22, Raj Bhavan Road, The Park, Somajiguda, Hyderabad",Hyderabad,/hyderabad/verandah-the-park-somajiguda/info,https://b.zmtcdn.com/data/pictures/7/91727/932a967c3e83a45082a5d993f089bff3_featured_v2.jpg
The Grandline - World's Largest Buffet,4.2,1243.0,"North Indian, South Indian, Continental","5th Floor, Sarath city capital mall, Whitefields, Kondapur, Hyderabad",Hyderabad,/hyderabad/the-grandline-worlds-largest-buffet-kondapur/info,https://b.zmtcdn.com/images/res_avatar_476_320_1x_new.png
Aqua - The Park,4.2,2631.0,"North Indian, Continental, Fast Food","22, Raj Bhavan Road, The Park, Somajiguda, Hyderabad",Hyderabad,/hyderabad/aqua-the-park-somajiguda/info,https://b.zmtcdn.com/data/pictures/8/92578/60882a9661bb01c9fdd4f166ac0366f3_featured_v2.jpg
Macaw by stories,4.234118852459017,1991.6997950819673,"Pizza, Fast Food, Sandwich","No 873 Block, 2, Road No. 45 Jubilee Hills, CBI Colony, Jubilee Hills, Hyderabad",Hyderabad,/hyderabad/macaw-by-stories-jubilee-hills/info,https://b.zmtcdn.com/images/res_avatar_476_320_1x_new.png
Cafe Liora,4.3,87.0,"Cafe, American, Italian","Plot 13, Samathapuri Colony, Samathapur, Road 4, Nagole, Hyderabad",Hyderabad,/hyderabad/cafe-liora-nagole/info,https://b.zmtcdn.com/data/pictures/6/22663236/455243207764263ad934c08664f0c437_o2_featured_v2.jpg
MOAI,4.5,4829.0,"Modern Indian, Alcoholic Beverages, Pasta","Survey 237, Plot 139, Anvaya Conventions Road, Financial District, Hyderabad",Hyderabad,/hyderabad/moai-financial-district/info,https://b.zmtcdn.com/data/pictures/8/21819518/fb1aea765438bf1992bf367a05cf9fb8_featured_v2.jpg
The Joint Bar & Cafe,4.2,1079.0,"North Indian, South Indian, Chinese","8, Banjara Hills, Hyderabad.",Hyderabad,/hyderabad/the-joint-bar-cafe-banjara-hills/info,https://b.zmtcdn.com/data/pictures/4/18952144/a40111cd0c40ed57c95976906e7c21b1_featured_v2.jpg
Daily Rituals,4.5,14.0,"Continental, Hyderabadi, Bar Food","D.8-2-293/82/A/1181, Plot 1181, Sy.403/1 (Old), 120 (New), Phase-1, Co-op House Building Society Ltd, Cable Bridge Road, Jubilee Hills, Hyderabad",Hyderabad,/hyderabad/daily-rituals-jubilee-hills/info,https://b.zmtcdn.com/data/pictures/5/21240405/616804f90eb785e79d10e2de977f80c2_featured_v2.jpg
The Sanctuary Bar & Kitchen,4.4,5056.0,"Continental, Italian, Asian","Plot 29, Road 1, Film Nagar, Hyderabad",Hyderabad,/hyderabad/the-sanctuary-bar-kitchen-film-nagar/info,https://b.zmtcdn.com/data/pictures/0/19458910/217bab8babb2c7577cce6a0fc8a5572d_featured_v2.jpg
63 Degrees Modern Regional Buffet,4.5,1376.0,"North Indian, Desserts, Chinese","28, Plot 25, 2nd Floor, Mindspace Road, pposite Meenakshi Bamboos Road, P Janardhan Reddy Nagar, Gachibowli, Hitech City, Hyderabad",Hyderabad,/hyderabad/63-degrees-modern-regional-buffet-hitech-city/info,https://b.zmtcdn.com/data/pictures/3/20997853/c6bb43341028e3b58d8e229c94910338_featured_v2.jpg
Zythum Brewing Co.,4.3,9609.0,"Continental, Pizza, North Indian","74 A, Park View Enclave, Check Post Road, Jubilee Hills, Hyderabad",Hyderabad,/hyderabad/zythum-brewing-co-jubilee-hills/info,https://b.zmtcdn.com/data/pictures/3/20598223/d22c4c8ad62777bc52247fbda9e40fe9_featured_v2.jpg
Red Rhino,4.4,20.0,"Chinese, Asian, North Indian","Western Dallas Center, Silpa Gram Craft Village, Rai Durg, Main Road, Madhapur, Hyderabad",Hyderabad,/hyderabad/red-rhino-madhapur/info,https://b.zmtcdn.com/data/pictures/0/20236950/e4c0190edad7bfe9c1411ab5b9c5a455_featured_v2.jpg
The Moonshine Project,4.2,1903.0,"Bar Food, Oriental, North Indian","385, Road 82, Phase III, Jubilee Hills, Hyderabad",Hyderabad,/hyderabad/the-moonshine-project-jubilee-hills/info,https://b.zmtcdn.com/data/pictures/3/18228803/8c2f96588dd94a76ef3b9e1bdd963af3_featured_v2.jpg
AKINA,4.6,1268.0,"Japanese, Asian, Chinese","Terrace, THE LOFT, Hitech City, Hyderabad",Hyderabad,/hyderabad/akina-hitech-city/info,https://b.zmtcdn.com/data/pictures/0/21839950/b261b939260f6af36598e484e5446c55_featured_v2.jpg
SA MA - The Indian Kitchen,4.3,619.0,"North Indian, South Indian, Mughlai","Plot 5, MLA Colony, Film Nagar, Hyderabad",Hyderabad,/hyderabad/sa-ma-the-indian-kitchen-film-nagar/info,https://b.zmtcdn.com/data/pictures/3/21585493/da1002772b207fe8bd26ac531f393dbe_featured_v2.jpg
Mamalola Penthouse Bar & Kitchen,4.3,11.0,"Continental, Modern Indian, Asian","Level-13, The District, Myscape Road, Financial District, Hyderabad",Hyderabad,/hyderabad/mamalola-penthouse-bar-kitchen-financial-district/info,https://b.zmtcdn.com/data/pictures/1/20890841/2fd2210a8d052b369dd4049290fe4c01_featured_v2.jpg
Tambo,4.4,1019.0,"Modern Indian, South American","49-C, Door 8-2-293/82/A/49/B & C, Plot 49-B, Circle 18, Hakimpet, Road 9/A, Jubilee Hills, Hyderabad",Hyderabad,/hyderabad/tambo-jubilee-hills/info,https://b.zmtcdn.com/data/pictures/9/22424909/e29cb67b3797c86cf50467165be33e65_o2_featured_v2.jpg
Marquee - Where Night Begins,4.3,2865.0,Indian,"2-37/9 to 11 and 16 to 18, 4th and 5th Floor, Time Square Building, Vinayak Nagar, Indira Nagar, Gachibowli, Hyderabad",Hyderabad,/hyderabad/marquee-where-night-begins-gachibowli/info,https://b.zmtcdn.com/data/pictures/9/22368779/6a6054f85ca205188f3f73be71345aa9_o2_featured_v2.jpg
Summer Bistro,4.1,1768.0,"Cafe, Italian, Mexican","Metro Pillar 1552, Women's Welfare Housing Society, Road 5, Jubilee Hills, Hyderabad",Hyderabad,/hyderabad/summer-bistro-jubilee-hills/info,https://b.zmtcdn.com/data/pictures/9/21962609/8fb3c84f6912d7fb7e8860c76d58abd5_featured_v2.jpg
Mindspace Social,4.3,8835.0,"Chinese, Mexican, Fusion","Survey 64, Ground Plus Level, Hitech City, Hyderabad",Hyderabad,/hyderabad/mindspace-social-hitech-city/info,https://b.zmtcdn.com/data/pictures/8/20954918/b8dbaa51243dac911c52627dac64568d_o2_featured_v2.jpg
Urban Nemo Cafe in Garden,4.2,1247.0,"Mexican, Continental","104, Park View Enclave, Jubilee Hills, Hyderabad",Hyderabad,/hyderabad/urban-nemo-cafe-in-garden-jubilee-hills/info,https://b.zmtcdn.com/data/pictures/6/21464276/1ac4d6d8b4d5476431921494f64a0908_featured_v2.jpg
AnTeRa Kitchen And Bar,4.2,17.0,"South Indian, North Indian, Biryani","H 1-72/3/6/28/A Grounf & 1St Floor, Konstruct Building 1, Mindspace Rd, P Janardhan Reddy Nagar, Serlingampally Circle 20, Gachibowli, Hyderabad",Hyderabad,/hyderabad/antera-kitchen-and-bar-gachibowli/info,https://b.zmtcdn.com/data/pictures/7/20892247/3734149d077a7cc8e141f34f6acbb30e_featured_v2.jpg
Vibeyard,4.2,2344.0,"Italian, Continental, Chinese","Plot B-22, Road 8, Film Nagar, Jubilee Hills, Hyderabad",Hyderabad,/hyderabad/vibeyard-jubilee-hills/info,https://b.zmtcdn.com/data/pictures/4/20653804/ff359179ce39e0b3f8f369871ed07f3c_featured_v2.jpg
Tansen,4.6,691.0,"North Indian, Seafood","332 & 333, Prestige Skytech, Puppalaguda, Gandipeta, Financial District, Nanakramguda, Hyderabad",Hyderabad,/hyderabad/tansen-2-nanakramguda/info,https://b.zmtcdn.com/data/pictures/4/21928244/fb03ce37d76743022fcee10f41675c14_featured_v2.jpg
Osaka,4.5,1403.0,"Asian, Japanese, Sushi","House 8-2-293/82/A/116/A/1, Circle 18, Shaikpet, Road 10, Jubilee Hills, Hyderabad",Hyderabad,/hyderabad/osaka-jubilee-hills/info,https://b.zmtcdn.com/data/pictures/4/21288214/93249606157d5322e354c47bbda9610f_featured_v2.jpg
Prost,4.4,7709.0,"Continental, Pasta, Fast Food","Plot 1026, Near Quadro Living, CBI Colony, Cable Bridge Road, Jubilee Hills, Hyderabad",Hyderabad,/hyderabad/prost-jubilee-hills/info,https://b.zmtcdn.com/data/pictures/9/18356469/1a812913b81e1057a40d8dfad681c42e_featured_v2.jpg
Naivedyam Veg Cafe,4.234118852459017,1991.6997950819673,"North Indian, Chinese, Desserts","Rooftop G.N Heights 6-1-344-1, Boiguda Road, Walker Town, Padmarao Nagar, Secunderabad",Hyderabad,/hyderabad/naivedyam-veg-cafe-padmarao-nagar-secunderabad/info,https://b.zmtcdn.com/data/pictures/7/22859117/646d1f8c-f18b-433b-87b0-e50837214ab0_o2_featured_v2.png
Chili's Grill and Bar,4.3,17.0,"Burger, Mexican, American","F 48, 1st Floor, Inorbit Mall, Hitech City, Hyderabad",Hyderabad,/hyderabad/chilis-grill-and-bar-hitech-city/info,https://b.zmtcdn.com/data/pictures/chains/7/90847/32725e476cca751144d2ec69c693a394_featured_v2.jpg
Stellar Reserve,4.6,1655.0,"Cafe, Italian, Asian","Unit 4, Sy 102/1, Plot 1355-h & 1355-i, Ground Floor & Mezzanine Floor, Niharika Jubilee One, Shaikpet, Jubilee Hills, Hyderabad",Hyderabad,/hyderabad/stellar-reserve-jubilee-hills/info,https://b.zmtcdn.com/data/pictures/6/21564326/9502d644e80fc430ae575e56ab0ef3b8_featured_v2.jpg
Native Bar & Kitchen,4.1,816.0,Indian,"251/8, E/1, Kingdome Klub Road, Financial District, Hyderabad",Hyderabad,/hyderabad/native-bar-kitchen-financial-district/info,https://b.zmtcdn.com/images/res_avatar_476_320_1x_new.png
Lunar Cafe,4.3,411.0,"Italian, North Indian, Continental","Madhu Vihar, Rd Number 7, Durga Bhavani Nagar, Women's Welfare Housing Society, Jubilee Hills, Hyderabad",Hyderabad,/hyderabad/lunar-cafe-jubilee-hills/info,https://b.zmtcdn.com/images/res_avatar_476_320_1x_new.png
Onegolf Brewery,4.4,5229.0,"South Indian, Asian, Continental","Sy.No.237 & 251, Vattinagulapally, Narsingi, Gandipet, Hyderabad",Hyderabad,/hyderabad/onegolf-brewery-gandipet/info,https://b.zmtcdn.com/data/pictures/8/20037678/dfc14b95d5cbb01be2bb7634a49c969d_o2_featured_v2.jpg
Thyme & Whisk,4.2,926.0,"Chinese, Italian, Asian","Shop 3 & 4, House 8-2-293/82/A/245, 1st Floor, Apurupa, Road 36, Jubilee Hills, Hyderabad",Hyderabad,/hyderabad/thyme-whisk-jubilee-hills/info,https://b.zmtcdn.com/data/pictures/6/20639146/af5ac78f6af68446e2c0313d56c18e8c_featured_v2.jpg
Forge Breu - Hous,4.3,5561.0,"Finger Food, Continental, North Indian","775/I, Plot Road 45, Cbi Colony, Jubilee Hills, Hyderabad",Hyderabad,/hyderabad/forge-breu-hous-jubilee-hills/info,https://b.zmtcdn.com/data/pictures/2/19878202/20b09fd372a8067353513cba216d2e47_featured_v2.jpg
Naatu Kitchen And Bar,4.3,9016.0,"Biryani, North Indian, South Indian","8-2-293/82, Plot 1217 A, Pillar No. 1632, 1633, Jawahar Colony, Road 36, Jubilee Hills, Hyderabad",Hyderabad,/hyderabad/naatu-kitchen-and-bar-jubilee-hills/info,https://b.zmtcdn.com/data/pictures/4/20514854/603b36523f979f109f04ac5caa8faf2a_featured_v2.jpg
Sahib's Barbeque By Ohri's,3.9,19.0,"North Indian, Awadhi, Hyderabadi","Plot 4/1 - 4/2, 64, Ohris Cyber Grub, Huda Techno Enclave, Opposite Mind Space Centre, Madhapur, Hyderabad",Hyderabad,/hyderabad/sahibs-barbeque-by-ohris-madhapur/info,https://b.zmtcdn.com/data/pictures/4/18312984/ddcdff8891dbf6d3bab1634b50b0bf1e_o2_featured_v2.jpg
By The Bottle,3.9,2970.0,"Continental, Chinese, North Indian","1217/A, Road 36, Jubilee Hills, Hyderabad",Hyderabad,/hyderabad/by-the-bottle-jubilee-hills/info,https://b.zmtcdn.com/data/pictures/8/18581678/f1256261a99d22a54bb4f42acf6df047_featured_v2.jpg
Anthm,4.1,4901.0,"Continental, North Indian, Asian","252/7, Financial District, Nanakramguda, Hyderabad",Hyderabad,/hyderabad/anthm-nanakramguda/info,https://b.zmtcdn.com/data/pictures/7/20927307/77ee7815ebde07673746165ab55257ec_featured_v2.jpg
45th Avenue,4.4,4942.0,"Cafe, Coffee, Burger","8-2-293/82/A/1355-H/G, Road 1, Niharika Jubilee One Building, Circle 10, Khairatabad, Film Nagar, Hyderabad",Hyderabad,/hyderabad/45th-avenue-film-nagar/info,https://b.zmtcdn.com/data/pictures/6/19684456/f7d15a66c08652da8f2e9d253a9ee9e8_featured_v2.jpg
Amnesia Sky Bar,4.1,3537.0,"Finger Food, Italian, Sushi","103, 104, 5th Floor, Inorbit Mall, Mind Space Road, Software Units Layout, Madhapur, Hitech City, Hyderabad",Hyderabad,/hyderabad/amnesia-sky-bar-hitech-city/info,https://b.zmtcdn.com/data/pictures/9/19183269/be49e489296f77cbb4289f029ef7e69b_featured_v2.jpg
Jamun,4.2,1819.0,"Goan, North Indian, South Indian","Road Number 10, beside PMJ Jewels Flagship Store, Jawahar Colony, Jubilee Hills, Hyderabad",Hyderabad,/hyderabad/jamun-1-jubilee-hills/info,https://b.zmtcdn.com/data/pictures/9/21320229/3170a223ba7c6f1b7dc63890d09d6aa0_featured_v2.jpg
Barbeque Holic,4.4,10.0,"Chinese, Salad, Fast Food","3rd Floor, Sahiti Sudha Square, Gachibowli Miyapur Road, Hanuman Nagar, Shilpa Hills, Kondapur, Hyderabad",Hyderabad,/hyderabad/barbeque-holic-kondapur/info,https://b.zmtcdn.com/data/pictures/8/20357948/1cdf7366c7878b6e3d81e9b0871a93c8_featured_v2.jpg
Ukusa,4.2,3952.0,"Cafe, Coffee, South Indian","Plot 130, 8/2/293/82, A/130, Road 10, Jubilee Hills, Hyderabad",Hyderabad,/hyderabad/ukusa-jubilee-hills/info,https://b.zmtcdn.com/data/pictures/1/20722781/1b21fae8a278ce93e88d6b537383e045_featured_v2.jpg
The Fisherman's Wharf,4.5,11.0,"Chinese, Salad, Fast Food","Plot 4, 66, SY 235/Part, Vattinagulapally, Financial District, Hyderabad",Hyderabad,/hyderabad/the-fishermans-wharf-financial-district/info,https://b.zmtcdn.com/data/pictures/6/18443506/e2d4e510d8d5342c9147ce0e9088c549_featured_v2.jpg
Saffron Soul - Marigold Hotel,4.3,1166.0,"North Indian, Continental, Italian","Green Lands, Begumpet, Hyderabad",Hyderabad,/hyderabad/saffron-soul-marigold-hotel-begumpet/info,https://b.zmtcdn.com/data/pictures/chains/6/92586/39d90a60e3d85842b2b1d25cfc0176b9_featured_v2.jpg
Gamyam Telugu Kitchen,4.1,1106.0,"South Indian, Hyderabadi, Biryani","8-2-293/82/A/1067/A, Road 45, Jubilee Hills, Hyderabad",Hyderabad,/hyderabad/gamyam-telugu-kitchen-jubilee-hills/info,https://b.zmtcdn.com/data/pictures/9/22145009/94f5ad250da2ee4bd9c1ca9d74ca73f3_o2_featured_v2.jpg
Dune Bar & Kitchen,4.4,1127.0,"Bar Food, North Indian, South Indian","5Th Floor, 82A, Apurupa Towers, Jawahar Colony, Road 36, Jubilee Hills, Hyderabad",Hyderabad,/hyderabad/dune-bar-kitchen-jubilee-hills/info,https://b.zmtcdn.com/data/pictures/chains/6/22179326/8cdbaf4aa2ae34e124b928bb14ccc35e_featured_v2.jpg
Telusa Telugu Kitchen and Bar,4.2,6507.0,"South Indian, North Indian, Chinese","1st Floor, One Golden Mile, Golden Mile Road, Kokapet, Hyderabad",Hyderabad,/hyderabad/telusa-telugu-kitchen-and-bar-1-kokapet/info,https://b.zmtcdn.com/data/pictures/8/21645768/84650006db7e4a8f9bba926406c6759e_featured_v2.jpg
Verandah By TSK,4.4,965.0,"Bar Food, South Indian, Kebab","5th Floor, CVK Park Square, Kalasiguda, S D Road, Secunderabad",Hyderabad,/hyderabad/verandah-by-tsk-sd-road-secunderabad/info,https://b.zmtcdn.com/data/pictures/0/20901980/0c03bacf03e916fcce5f3a48c57ead13_o2_featured_v2.jpg
Tanah Kitchen & Bar,4.5,550.0,"Continental, South Indian, North Indian","5th Floor, P Janardhan Reddy Nagar, Near Aig Hospital, Meenakshi Bamboos Road, Gachibowli, Hyderabad",Hyderabad,/hyderabad/tanah-kitchen-bar-gachibowli/info,https://b.zmtcdn.com/data/pictures/2/22678742/3883a025642e92f2aafc2543e0d76521_o2_featured_v2.jpg
Habibo,4.2,2443.0,"North Indian, Arabic, Mughlai","7-1-208/2, Survey 157, 2nd Floor, AAA Satyam Mall, Ameerpet, Hyderabad",Hyderabad,/hyderabad/habibo-ameerpet/info,https://b.zmtcdn.com/data/pictures/5/20927925/43fa8f20882ed798921961a3034d75e2_featured_v2.jpg
AnTeRa Courtyard,4.3,15.0,"South Indian, Kebab, Biryani","Sy 251/8, E/1, Vattinagulapally, Antera Courtyard Road, Financial District, Hyderabad",Hyderabad,/hyderabad/antera-courtyard-financial-district/info,https://b.zmtcdn.com/data/pictures/4/21084944/ed6b89f76a16b297852ad0bef6fc1a27_featured_v2.jpg
The Joint Al- Mandi,4.3,633.0,"Mandi, Chinese","3rd Floor, Patel Towers, Near Sai Nagar Colony Road, Adarsh Nagar Colony, Nagole, Hyderabad",Hyderabad,/hyderabad/the-joint-al-mandi-nagole/info,https://b.zmtcdn.com/data/pictures/8/22542458/ecc74aa8d296c410f3977397fe8d27b4_o2_featured_v2.jpg
Air Live,4.3,2958.0,"North Indian, Salad, Fast Food","Sarath City Capital Mall, Miyapur Road, Gachibowli, Hyderabad",Hyderabad,/hyderabad/air-live-gachibowli/info,https://b.zmtcdn.com/data/pictures/1/20259091/a5f7c6a9fe89aebb5a330461ece401c3_featured_v2.jpg
Arabian Affairs,4.3,1073.0,"North Indian, Lebanese, Kebab","231/C, Plot 9/1, Women's Welfare Society, Metro Station, Road 5, Jubilee Hills, Hyderabad",Hyderabad,/hyderabad/arabian-affairs-jubilee-hills/info,https://b.zmtcdn.com/data/pictures/9/21964229/cda05c3b02d00e4b9f8299089d71546f_o2_featured_v2.jpg
7 Sisters,4.2,3345.0,Asian,"2-61, 2nd Floor, Prism Mall, Gachibowli, Hyderabad",Hyderabad,/hyderabad/7-sisters-gachibowli/info,https://b.zmtcdn.com/data/pictures/2/22266822/6ecf5500e5cb43fb269bb2c33971da9a_featured_v2.jpg
Vasaara South Indian Kitchen,4.0,259.0,"South Indian, Biryani, Hyderabadi","8-2-293/82/F/73-A, Plot No 73, Shaikpet, Circle No 18, Film Nagar, Hyderabad",Hyderabad,/hyderabad/vasaara-south-indian-kitchen-film-nagar/info,https://b.zmtcdn.com/data/pictures/9/22437979/e84591b877793718efb132ca9fa67822_o2_featured_v2.jpg
Akan,4.2,2648.0,"North Indian, Mexican, Afghan","Plot 28, Survey 62, Shaikpet, Opposite Durgam Cheruvu, Doctor's Colony, Madhapur, Hyderabad",Hyderabad,/hyderabad/akan-hitech-city/info,https://b.zmtcdn.com/data/pictures/3/21048793/22e7058c1b301b852bde97b313818d62_featured_v2.jpg
Kavyam The Telugu Table,4.3,1709.0,"South Indian, North Indian, Biryani","Plot 1274, Road 64, Tree inn, Jubilee Hills Check Post Road, Adjacent Lane To Mahindra Show Room, Jubilee Hills, Hyderabad",Hyderabad,/hyderabad/kavyam-the-telugu-table-jubilee-hills/info,https://b.zmtcdn.com/data/pictures/5/20961945/282e6d7cd113d90e6f1dadeb35cd3001_featured_v2.jpg
The Globe Grub,4.0,4248.0,"North Indian, Chinese, Asian","1-73/D/2 & 13, 202 & 203, 2nd Floor, Raichandani Business Park, Serilingampally, Gachibowli flyover, Hyderabad, Gachibowli, Hyderabad",Hyderabad,/hyderabad/the-globe-grub-gachibowli/info,https://b.zmtcdn.com/data/pictures/4/19329944/4df5cad51e99dccca859affc1d04c836_featured_v2.jpg
Lé Vantage Cafe Bar,4.3,3331.0,"Cafe, Continental, Coffee","Plot 197/A and 197, Road 13, Jubilee Hills, Hyderabad",Hyderabad,/hyderabad/lé-vantage-cafe-bar-jubilee-hills/info,https://b.zmtcdn.com/data/pictures/2/18549662/1bd4465671e2f80fca6fc281ab810f80_featured_v2.jpg
Exotica,4.5,13.0,"North Indian, Biryani, Kebab","5th Floor, 12th Square Building, Road 12, Banjara Hills, Hyderabad",Hyderabad,/hyderabad/exotica-banjara-hills/info,https://b.zmtcdn.com/data/pictures/4/90744/9c2ab9d8e74c1c79aa8b5404d86602c2_featured_v2.jpg
Illuzion Club & Kitchen,4.0,188.0,Hyderabadi,"8-2-293/82/A/135/1, Road Number 10, Jubilee Hills, Hyderabad",Hyderabad,/hyderabad/illuzion-club-kitchen-jubilee-hills/info,https://b.zmtcdn.com/images/res_avatar_476_320_1x_new.png
Forefathers,4.4,3130.0,"Finger Food, Pizza, Bar Food","872, CBI Colony, Masthan Nagar, Road 45, Jubilee Hills, Hyderabad",Hyderabad,/hyderabad/forefathers-jubilee-hills/info,https://b.zmtcdn.com/data/pictures/9/21156189/1531da8590e24ca73544cefc9b96b9e5_featured_v2.jpg
President Dhaba Bar & Kitchen,4.1,7839.0,"North Indian, Chinese, Seafood","1217/A, 4 Floor, Road 36, Jubilee Hills, Hyderabad",Hyderabad,/hyderabad/president-dhaba-bar-kitchen-jubilee-hills/info,https://b.zmtcdn.com/data/pictures/0/18795170/b6047e53bdb9ebce032c9505dc23eed0_featured_v2.jpg
Narumi Pan Asian Kitchen & Bar,4.5,929.0,Chinese,"Ground Floor, Argus Building, Silpa Gram Craft Village, Near Knowledge City Road, Hitech City, Hyderabad",Hyderabad,/hyderabad/narumi-pan-asian-kitchen-bar-hitech-city/info,https://b.zmtcdn.com/data/pictures/3/22423933/466c92483305f9737c491db941854ee6_o2_featured_v2.jpg
Jathara Bar & Kitchen,4.1,5306.0,"South Indian, Alcoholic Beverages, Biryani","8-2-293, Pillar 1630, Jawahar Colony, Road 36, Near Apurupa Towers, Jubilee Hills, Hyderabad",Hyderabad,/hyderabad/jathara-bar-kitchen-jubilee-hills/info,https://b.zmtcdn.com/data/pictures/2/20919932/26afccecee8ac794a297f9566def31b5_featured_v2.jpg
Resign Skybar,4.3,1636.0,"Bar Food, South Indian, Pizza","4/1 &4/64, Ohris Cyber Centre Huda Techno Enclave, Mindspace, Hitech City, Hyderabad",Hyderabad,/hyderabad/resign-skybar-hitech-city/info,https://b.zmtcdn.com/data/pictures/9/21877989/27a95a8df350c6706fde5b49890ddd84_o2_featured_v2.jpg
The Lal Street - Bar Exchange,3.9,4779.0,"Finger Food, North Indian, Chinese","Level 2, SLN Terminus Mall, Gachibowli, Hyderabad",Hyderabad,/hyderabad/the-lal-street-bar-exchange-gachibowli/info,https://b.zmtcdn.com/data/pictures/chains/0/18402110/eb2934c5ca91e9555ed46b45e129ab10_featured_v2.jpg
Burma Burma - Hitech City,4.6,3522.0,"Asian, Burmese, Bubble Tea","Shop CD-01-02, Survey 83/1, Ground Floor, Octave Block, Hitech City, Hyderabad",Hyderabad,/hyderabad/burma-burma-hitech-city-hitech-city/info,https://b.zmtcdn.com/data/pictures/1/20788521/d0b430311cc584eb2305a9548c511d7a_featured_v2.jpg
Kyma,4.5,739.0,"Asian, Mediterranean","8 & 9, A Wing, Tower 2, Pan Maktha Village, Raidurg, Hitech City, Hyderabad",Hyderabad,/hyderabad/kyma-hitech-city/info,https://b.zmtcdn.com/data/pictures/5/21962725/f44ff3905fc5ebf104b50e56cea0fbab_featured_v2.jpg
Echoes,4.3,2893.0,"Pizza, Burger, Pasta","Plot 75, SY, Brundavan Colony, Rangareddy, Narsingi, Hyderabad",Hyderabad,/hyderabad/echoes-narsingi/info,https://b.zmtcdn.com/data/pictures/5/21153085/683cd531d00eb5d681bf8c98485c14b5_featured_v2.jpg
Aidu Kitchen,4.3,3351.0,"South Indian, Andhra, Kerala","Plot Number. 1057/G, Near SBI Bank, Cable Bridge Road, Nandagiri Hills, Jubilee Hills, Hyderabad",Hyderabad,/hyderabad/aidu-kitchen-jubilee-hills/info,https://b.zmtcdn.com/data/pictures/7/21066027/cefeafeafbafba5a5fff543a4d6cd86c_featured_v2.jpg
Vivaha Bhojanambu,4.2,20.0,"Biryani, Andhra, South Indian","Shop 12, Ground Floor, Eden Square, Regimental Bazaar, Shivaji Nagar, Near Apollo Hospital, Secundrabad, Secunderabad",Hyderabad,/hyderabad/vivaha-bhojanambu-secundrabad-secunderabad/info,https://b.zmtcdn.com/data/pictures/0/18629270/05d5c34817dac54e8abcb629cca81823_featured_v2.jpg
Underdoggs,3.7,1613.0,"North Indian, Beverages, Continental","Floor-3, Plot No:16, Sy No:83/1, A 108, Sattva Knowledge Park, Raidurg Village, Hitech City, Hyderabad",Hyderabad,/hyderabad/underdoggs-hitech-city/info,https://b.zmtcdn.com/data/pictures/7/21894267/58e2857a2d0d8458a0b85e4e5ee5999b_featured_v2.jpg
Noho - Progressive Asian House,4.4,2986.0,"Bar Food, Asian, Japanese","Plot 1057/G, Near SBI Bank, Nandagiri Hills, Cable Bridge Road, Jubilee Hills, Hyderabad",Hyderabad,/hyderabad/noho-progressive-asian-house-jubilee-hills/info,https://b.zmtcdn.com/data/pictures/5/21166575/aed1cca60471798e67134205b09482b5_featured_v2.jpg
Telangana Spice Kitchen Bar & Grill,4.1,2431.0,"Beverages, Desserts, Hyderabadi","Gate 7, Sattva Knowledge Park, Silpa Gram Craft Village, Hitech City, Hyderabad",Hyderabad,/hyderabad/telangana-spice-kitchen-bar-grill-hitech-city/info,https://b.zmtcdn.com/data/pictures/9/21554309/310b1ae02a11d46ceb8539c625d4ecf2_featured_v2.jpg
Elsewhere Lounge & Kitchen,4.3,3155.0,"North Indian, Mughlai, Continental","Fantasy Square, 5th Floor, Jayabheri Pine Valley, Old Mumbai Highway, Gachibowli, Hyderabad",Hyderabad,/hyderabad/elsewhere-lounge-kitchen-gachibowli/info,https://b.zmtcdn.com/data/pictures/4/19899034/3cf3ee9f2aa89103e37cc424f2444323_featured_v2.jpg
Kompound,4.4,1408.0,"Indo-Chinese, Bar Food, South Indian","Sai Laxmi road 4, Financial District, Wave Rock Road, Serilingampalle Nanakramguda, Hyderabad",Hyderabad,/hyderabad/kompound-nanakramguda/info,https://b.zmtcdn.com/images/res_avatar_476_320_1x_new.png
The Beer Cartel,4.6,1273.0,"Chinese, Continental","Silpa Gram Craft Village, Sattva Knowledge Park, Rai Durg, Hitech City, Hyderabad",Hyderabad,/hyderabad/the-beer-cartel-hitech-city/info,https://b.zmtcdn.com/data/pictures/8/21187598/afd686e9f34c009188de31d38c4642e0_featured_v2.jpg
Jonathan's Kitchen,4.0,13.0,"Continental, Italian, International","Survey 27/1-2-3-4, Nanakramguda, Financial District, Financial District, Hyderabad",Hyderabad,/hyderabad/jonathans-kitchen-financial-district/info,https://b.zmtcdn.com/data/pictures/chains/6/96626/9352dfe3f7913d1093f452f98b69e908_featured_v2.jpg
Tabula Rasa,4.5,4737.0,"North Indian, South Indian, Asian","Survey 92A, 92AA, Plot 6, 7, 8, 9, 10 & 11, Serilingampally, Circle 49, Nanakramguda, Hyderabad",Hyderabad,/hyderabad/tabula-rasa-nanakramguda/info,https://b.zmtcdn.com/data/pictures/3/20826013/8d5a8d40bcec95388c80ddba2c223baf_featured_v2.jpg
Grease Monkey Lounge Bar & Kitchen,3.9,711.0,"Bar Food, North Indian, Italian","5th Floor, Empire Square Building, Road 36, Jubilee Hills, Hyderabad",Hyderabad,/hyderabad/grease-monkey-lounge-bar-kitchen-jubilee-hills/info,https://b.zmtcdn.com/data/pictures/3/19948263/fc5cb97e68dd38fdd7952874b467614a_featured_v2.jpg
Broadway,4.2,5762.0,"Continental, Pizza, Chinese","CBI Colony, Rina Mandal Road, Jubilee Hills, Hyderabad",Hyderabad,/hyderabad/broadway-jubilee-hills/info,https://b.zmtcdn.com/data/pictures/2/18807262/6dacf3d304b499ee3f1ea89bb166240a_featured_v2.jpg
President Dhaba,4.0,31.0,"North Indian, Chinese, Mughlai","36 Capital Pk Road, Cyber Hills Colony, VIP Hills, Silicon Valley Madhapur, Hyderabad",Hyderabad,/hyderabad/president-dhaba-madhapur/info,https://b.zmtcdn.com/data/pictures/0/18557350/5eb3cb3b3e106d0b296927716477d5c0_featured_v2.jpg
Telangana Spice Kitchen - Bar & Grill,4.3,1358.0,"South Indian, Biryani, Hyderabadi","Plot 373, Road Number 10, Jubilee Hills, Hyderabad",Hyderabad,/hyderabad/telangana-spice-kitchen-bar-grill-jubilee-hills/info,https://b.zmtcdn.com/data/pictures/7/22458277/7c6b4de20c5120f7cce32a7fb6c8340a_o2_featured_v2.jpg
One8 Commune,4.3,2084.0,"European, Continental, Pizza","1st Floor, The Loft, Hitech City, Hyderabad",Hyderabad,/hyderabad/one8-commune-hitech-city/info,https://b.zmtcdn.com/data/pictures/2/21219332/e06f41e2ba898caad0888f553e175601_featured_v2.jpg
Mughal Darbar,4.4,443.0,"South Indian, Mughlai, Desserts","1st Floor, Apurupa PCH Towers, Road 36, Jubilee Hills, Hyderabad",Hyderabad,/hyderabad/mughal-darbar-jubilee-hills/info,https://b.zmtcdn.com/data/pictures/7/22612577/10689bff48e7f0232792d4076e77bcde_o2_featured_v2.jpg
Taamara - South Indian Artisan Kitchen,3.9,816.0,"South Indian, Desserts","Survey 50, Plot 78/79, Circle 20, Diamond Hills, Gachibowli Road, Gachibowli, Hyderabad",Hyderabad,/hyderabad/taamara-south-indian-artisan-kitchen-gachibowli/info,https://b.zmtcdn.com/data/pictures/6/22237236/67c1d70d8e0501b9be55a14a5138c560_o2_featured_v2.jpg
Fusion 9,3.9,3848.0,"Continental, Italian, Oriental","Unit T1 & T3, 5th Floor, Inorbit Mall, Mind Space, Madhapur, Hyderabad",Hyderabad,/hyderabad/fusion-9-madhapur/info,https://b.zmtcdn.com/data/pictures/8/93598/31a4f7f8b45b103173613088dce91124_featured_v2.jpg
Cara Cara,4.3,1524.0,"Bar Food, Chinese, North Indian","8th Floor, Hotel Daspalla Hyderabad, Road No. 37, CBI Colony, Jubilee Hills, Hyderabad",Hyderabad,/hyderabad/cara-cara-jubilee-hills/info,https://b.zmtcdn.com/data/pictures/8/20985998/8bb4137ed16ca0852207a5e6693f531f_featured_v2.jpg
TTeokBoKKi,4.2,3455.0,"International, Korean, Japanese","Survey 66/2, Plot 32, 2nd Floor, teja sarees building, Chitrapuri Colony, Rainbow Vista, Khajaguda, Naga Hills, Circle 20, Gachibowli, Hyderabad",Hyderabad,/hyderabad/tteokbokki-gachibowli/info,https://b.zmtcdn.com/data/pictures/4/21704144/f2058250a85eb8df45d008463504cbb5_featured_v2.jpg
Masterpiece,3.9,6191.0,"South Indian, North Indian, Salad","4th Floor, Preston Prime Mall, Lumbini Avenue, Hitech City Main Road, Gachibowli, Hyderabad",Hyderabad,/hyderabad/masterpiece-gachibowli/info,https://b.zmtcdn.com/data/pictures/0/21097260/338d89c78005be35dfc3b4beb0875f66_o2_featured_v2.jpg
Luno - Lounge Bar & Kitchen,4.2,5689.0,"North Indian, Chinese, Sushi","Survey 237, 252, ISB Rd, Vattinagulapally, Nanakramguda, Circle 11, Financial District, Hyderabad",Hyderabad,/hyderabad/luno-lounge-bar-kitchen-financial-district/info,https://b.zmtcdn.com/data/pictures/7/20953447/3758b84b3d22fa1ddfb14904e8365b8e_o2_featured_v2.jpg
Brew Times,4.3,615.0,Continental,"2-88/AM/401, Survey 342/1, Gandipet, Hyderabad",Hyderabad,/hyderabad/brew-times-gandipet/info,https://b.zmtcdn.com/data/pictures/3/22606973/a631d0d69f6c48e65c7a1a718fd81223_o2_featured_v2.jpg
Nando's- Flame Grilled PERi- PERi Chicken,4.5,3283.0,"Portuguese, Burger, Healthy Food","Unit PL 11-B, Survey 83/1, Plot 9, 10/A, 10/B & 8B/2, Ground Floor, Tower 30, Hitech City, Hyderabad",Hyderabad,/hyderabad/nandos-flame-grilled-peri-peri-chicken-1-hitech-city/info,https://b.zmtcdn.com/data/pictures/2/21388722/5a5a85274adca1f64745adec825519aa_featured_v2.jpg
Dhaba - Estd 1986 Delhi,4.5,24.0,"Kebab, Desserts, North Indian","13, Ground Floor, Western Pearl Building, Kondapur, Hyderabad",Hyderabad,/hyderabad/dhaba-estd-1986-delhi-kondapur/info,https://b.zmtcdn.com/data/pictures/6/18385326/1c8ea654e3a7d88275a2f11ecad98b96_featured_v2.jpg
Chili's Grill & Bar,4.2,1752.0,"Mexican, Pizza","Survey 83/1, Plot 9, 10/A 10/B & 8B/2, Raidurg, Serlingampally, Knowledge City, Panmaqtha Village, Circle 20, Hitech City, Hyderabad",Hyderabad,/hyderabad/chilis-grill-bar-hitech-city/info,https://b.zmtcdn.com/data/pictures/2/21519192/d393652a9cdefb7a439af5ab91d9cf9e_featured_v2.jpg
Asembli,4.2,146.0,"South Indian, North Indian, Continental","Door 2-59/97, 92/1 Survey 92/Part, Serlingampally Circle 20, Nanakramguda, Hyderabad",Hyderabad,/hyderabad/asembli-nanakramguda/info,https://b.zmtcdn.com/data/pictures/8/22289538/b317759888f17c3d100ae1d4c6588eeb_o2_featured_v2.jpg
The Happy Yard Bar & Kitchen,4.6,543.0,"South Indian, Chinese, North Indian","Plot 879, CBI Colony, Road 45, Jubilee Hills, Hyderabad",Hyderabad,/hyderabad/the-happy-yard-bar-kitchen-jubilee-hills/info,https://b.zmtcdn.com/data/pictures/4/21880264/2ad6418cd421515ee3d80d081d2febb7_featured_v2.jpg
Roastery Coffee House,4.5,17.0,"Cafe, American, Continental","House 418, 8/2/287/12, Road 14, Banjara Hills, Hyderabad",Hyderabad,/hyderabad/roastery-coffee-house-1-banjara-hills/info,https://b.zmtcdn.com/data/pictures/9/18544039/f304fdc127390f18149272e1f216498a_featured_v2.jpg
Skyline Brew Co,4.1,2599.0,Indian,"Above Reliance Digital, 4Th Floor, Plot 4&5, H 2-162/2, BBR Arcade, Q City Gopannapally Road, Gachibowli, Hyderabad",Hyderabad,/hyderabad/skyline-brew-co-gachibowli/info,https://b.zmtcdn.com/data/pictures/7/22232417/78fe93ed9b9f359b4c5e25b1cc565a5b_o2_featured_v2.jpg
Radio Bar,4.6,433.0,"Bar Food, North Indian, Mexican","Ground Floor, Tower 30, Silpa Gram Craft Village, Hitech City, Hyderabad",Hyderabad,/hyderabad/radio-bar-hitech-city/info,https://b.zmtcdn.com/data/pictures/9/21975059/ad38078e9a89847f42d2ec18feda3eef_featured_v2.jpg
Uppu Telugu Kitchen,4.0,933.0,"South Indian, Chinese, Andhra","9-1-167/168, Opposite Deccan Chronicle Office, S D Road, Secunderabad",Hyderabad,/hyderabad/uppu-telugu-kitchen-1-sd-road-secunderabad/info,https://b.zmtcdn.com/data/pictures/7/20816857/a24f7dcec2dddf1555223497489fabbf_featured_v2.jpg
Mazzo - Rooftop Bar,4.2,3636.0,"North Indian, Continental, Italian","Survey 133, Level ST, SLN Terminus, Near Botanical Garden, Kondapur, Hyderabad",Hyderabad,/hyderabad/mazzo-rooftop-bar-kondapur/info,https://b.zmtcdn.com/data/pictures/9/18640259/039c48690c7f685a0d5e53f1f765ac20_featured_v2.jpg
Tap Street Brews,4.4,334.0,"North Indian, Pizza, Biryani","5th Floor, PNR Empire, Hmt Sathavahana Nagar, Raji Reddy Nagar, Kukatpally, Hyderabad",Hyderabad,/hyderabad/tap-street-brews-kukatpally/info,https://b.zmtcdn.com/images/res_avatar_476_320_1x_new.png
PAUL,4.3,3900.0,"Italian, Mediterranean, Pizza","Unit 13/14/5, Plot 8B/2/ 9/10A/ 10B, Ground Floor, Nexity Tower 10, Serilingampally, Hitech City, Hyderabad",Hyderabad,/hyderabad/paul-hitech-city/info,https://b.zmtcdn.com/data/pictures/4/21528554/463cff05b5ddebb61ad69d1e01a0953f_featured_v2.jpg
Sky Salt,4.2,878.0,Cafe,"H.no. 8-2-293/82/a/806/1, Terrace Of Axis Towers, Road No. 36, Jubilee Hills, Hyderabad",Hyderabad,/hyderabad/sky-salt-jubilee-hills/info,https://b.zmtcdn.com/data/pictures/5/21270445/9802ec39c2e630006180520c9a9661fa_featured_v2.jpg
KOKO,4.7,1978.0,"Sushi, Chinese, Japanese","Ground Floor, Tower-30, RMZ Nexity, Silpa Gram Craft Village, Hitech City, Hyderabad",Hyderabad,/hyderabad/koko-hitech-city/info,https://b.zmtcdn.com/data/pictures/5/21494415/6bad41a19f5666ff9fabe8479150cbd3_featured_v2.jpg
Zero40 Brewing,4.9,5982.0,"American, Pizza, North Indian","Door 4-62/2, Gachibowli, Hyderabad",Hyderabad,/hyderabad/zero40-brewing-gachibowli/info,https://b.zmtcdn.com/data/pictures/2/19873462/e8893b275493726e253fe6cc3ad6a8d6_featured_v2.jpg
X Lounge,4.2,1826.0,"Bar Food, Chinese, Fast Food","6th Floor, Phoenix Tower A, Opposite Trident Hotel, Hitech City, Hyderabad",Hyderabad,/hyderabad/x-lounge-hitech-city/info,https://b.zmtcdn.com/data/pictures/6/20418596/2545ff79becf1b2aa3b11bf4f654b89e_featured_v2.jpg
Native South,4.5,716.0,"South Indian, Biryani, Pizza","Floor 4, Anand Mall Narsingi, Gandipet, Hyderabad",Hyderabad,/hyderabad/native-south-1-gandipet/info,https://b.zmtcdn.com/images/res_avatar_476_320_1x_new.png
Olive Bistro & Bar,4.2,4714.0,"Italian, European, Desserts","Road 46, Circle No.10 Old MCH Circle-V Khairatabad, Jubilee Hills, Hyderabad",Hyderabad,/hyderabad/olive-bistro-bar-jubilee-hills/info,https://b.zmtcdn.com/data/pictures/6/93766/21e616fdcaa2f0ddabb8d75f9a1a6d79_featured_v2.jpg
Over The Moon Brew Company,4.4,7982.0,"Asian, Continental, North Indian","Plot B 2, 6/1 Quiet Lands, Serlingampally, Circle 20, Hyderabad, Gachibowli, Hyderabad",Hyderabad,/hyderabad/over-the-moon-brew-company-gachibowli/info,https://b.zmtcdn.com/data/pictures/5/18538735/8b9a832c469f1991feaf96ea90774601_o2_featured_v2.jpg
Vault Brewery,4.3,2054.0,"Bar Food, Modern Indian, Salad","Plot 644, Road 36, Near Metro Station Madhapur, Aditya Enclave, Venkatagiri, Jubilee Hills, Hyderabad",Hyderabad,/hyderabad/vault-brewery-jubilee-hills/info,https://b.zmtcdn.com/data/pictures/2/21185972/9c5451446fa742c2e042bbd99e02e8f4_featured_v2.jpg
Ohri's Jiva,4.4,5771.0,"North Indian, Rajasthani, South Indian","3rd Block, White House, Greenlands Road, Kundanbagh Colony, Begumpet, Hyderabad",Hyderabad,/hyderabad/ohris-jiva-begumpet/info,https://b.zmtcdn.com/data/pictures/5/92355/320f5c5b04b1e7f6ccd18c4c9198571d_featured_v2.jpg
Firestone Grill,4.4,6222.0,"BBQ, North Indian, South Indian","R-03, 3rd Floor, Lulu Mall, JNTU, Hitech City Road, Kukatpally, Hyderabad, Kukatpally Circle No 24, Hyderabad, Telangana-500072",Hyderabad,/hyderabad/firestone-grill-kukatpally/info,https://b.zmtcdn.com/data/pictures/9/20983729/7845f3ec74a7d30ed8e6c6463ba6c489_featured_v2.jpg
Holm Skybar,4.5,109.0,"South Indian, North Indian, Asian","6th Floor, PNP Towers, Nanakramguda, Financial District, Hyderabad",Hyderabad,/hyderabad/holm-skybar-financial-district/info,https://b.zmtcdn.com/data/pictures/3/22748433/7d769a5b84d406537bdf85a8fe0cccaf_o2_featured_v2.jpg
Flechazo,3.8,3204.0,"North Indian, South Indian, Chinese","Forth Floor, PNR Empire, HMT Sathavahana Nagar, Kukatpally, Hyderabad",Hyderabad,/hyderabad/flechazo-kukatpally/info,https://b.zmtcdn.com/data/pictures/8/20247938/b2bd5e62dfc7f8dcdb9a945942c988a6_o2_featured_v2.jpg
Ishtaa - Pure Veg,4.2,8938.0,"South Indian, North Indian, Chinese","NCC Urban Gardenia, Lumbini Avenue, Diamond Hills, Main Road, Hitech City, Hyderabad",Hyderabad,/hyderabad/ishtaa-pure-veg-hitech-city/info,https://b.zmtcdn.com/data/pictures/0/20307380/9734eb30bed7881395de0c774ea76edc_featured_v2.jpg
Gulaab And  Ghee - Elevated Vegetarian Cuisine,4.2,637.0,"North Indian, Modern Indian, Italian","6-3-1112, Khairatabad Circle 17, Somajiguda, Hyderabad",Hyderabad,/hyderabad/gulaab-and-ghee-elevated-vegetarian-cuisine-somajiguda/info,https://b.zmtcdn.com/data/pictures/9/22216249/48b4198bcf1a33006d731fd7859e4e70_o2_featured_v2.jpg
The Glass Onion,4.2,5496.0,"North Indian, Asian, Fast Food","Madhava Reddy Colony, Boulder Hills, Opposite ISB, Near Infosys, Gachibowli, Hyderabad",Hyderabad,/hyderabad/the-glass-onion-gachibowli/info,https://b.zmtcdn.com/data/pictures/5/18800475/252faf0fc4fc221ecc9930ae9e3e7715_featured_v2.jpg
Flechazo GOLD,3.8,17.0,"South Indian, North Indian, Hyderabadi","2nd Floor, Sun Towers, HUDA Techno Enclave, Sector 1, Near Avasa, Madhapur, Hyderabad",Hyderabad,/hyderabad/flechazo-gold-madhapur/info,https://b.zmtcdn.com/data/pictures/2/18550292/911e1b0732285e34c042565e564717ad_featured_v2.jpg
Pandaga,4.3,4712.0,"South Indian, Chinese, North Indian","102, Third Floor, SSS Square Building, Laxmi Cyber City, Whitefields, Kothaguda X Road, Kondapur, Hyderabad",Hyderabad,/hyderabad/pandaga-1-kondapur/info,https://b.zmtcdn.com/data/pictures/2/21036992/cbeb9b9dd30b6ebbbc915159cf5bfc7a_featured_v2.jpg
Malibu - Cocktail Bar & Kitchen,4.4,2623.0,"Bar Food, North Indian, Italian","Survey 89/2 and 90, Gundlapochampally, Medchal Road, Kompally, Hyderabad",Hyderabad,/hyderabad/malibu-cocktail-bar-kitchen-kompally/info,https://b.zmtcdn.com/data/pictures/8/21212538/c0d70be2266fa7ad1ca411e3c536e713_featured_v2.jpg
Big Bull,4.1,477.0,"Continental, Fast Food, Bar Food","Survey 237, Plot 139, Anvaya Conventions Road, Financial District, Hyderabad",Hyderabad,/hyderabad/big-bull-financial-district/info,https://b.zmtcdn.com/data/pictures/1/21819521/61c5fb8e4ee89e32b7f7cf3a622bdb57_featured_v2.jpg
Roast CCx,4.4,2504.0,"Desserts, Bakery, Coffee","129/73/1, Laxmi Pinnacle, Circle 18, Venkat Nagar, Road 3, Banjara Hills, Hyderabad",Hyderabad,/hyderabad/roast-ccx-banjara-hills/info,https://b.zmtcdn.com/data/pictures/9/21365469/87ee4f5c83bf24027aa28da25efa8f43_featured_v2.jpg
Aaromale,4.5,4933.0,"Cafe, Coffee, Desserts","A 72, Giani Zail Singh Nagar, Road 12, Near Film Nagar, Hyderabad",Hyderabad,/hyderabad/aaromale-film-nagar/info,https://b.zmtcdn.com/data/pictures/0/19219840/8084cf6bf27dbb494b8c33e5aa90146f_featured_v2.jpg
Theth Masala,4.5,16.0,"Mughlai, Kebab, Desserts","11, Ranganath Colony, Gopanpally Thanda, Lingampally, Hyderabad",Hyderabad,/hyderabad/theth-masala-lingampally/info,https://b.zmtcdn.com/data/pictures/0/19340750/690c373069f3b81667dd9e6529046867_featured_v2.jpg
Baan PhadThai,4.5,162.0,"Thai, Beverages","Ground Floor, Octave Unit 3, Sattva Knowledge City, Silpa Gram Craft Village, Hitech City, Hyderabad",Hyderabad,/hyderabad/baan-phadthai-hitech-city/info,https://b.zmtcdn.com/images/res_avatar_476_320_1x_new.png
IGURU,4.5,2370.0,South Indian,"Arka Kakuth, Unit 2, Ground And First Floor, Behind Q Lanco Hills Road, Khajaguda, Serlingampally Circle 20, Hitech City, Hyderabad",Hyderabad,/hyderabad/iguru-1-hitech-city/info,https://b.zmtcdn.com/data/pictures/8/21180148/e3fb078ea138635d186b2226d7ffaf67_featured_v2.jpg
Scarlett Noir,4.3,50.0,"North Indian, Continental, Asian","Gate 2, 11th Floor, Equinox Tower 4, Lumbini Avenue, Gachibowli, Hyderabad",Hyderabad,/hyderabad/scarlett-noir-hitech-city/info,https://b.zmtcdn.com/data/pictures/3/22744573/4761522d-38c0-4fd6-b3dd-bfea758ac90a_o2_featured_v2.jpg
PS Cheese Cafe,4.5,5469.0,"Cafe, Coffee, Italian","1-65/536, Kavuri Hills Road, Madhapur, Hyderabad",Hyderabad,/hyderabad/ps-cheese-cafe-madhapur/info,https://b.zmtcdn.com/data/pictures/8/20540418/627a80797b35d84fb979966ab25e93a8_featured_v2.jpg
Open Your Mouth - OYM,3.5,72.0,"North Indian, Chinese, Continental","1102, CBI Colony, Road No. 36, Jubilee Hills, Hyderabad",Hyderabad,/hyderabad/open-your-mouth-oym-jubilee-hills/info,https://b.zmtcdn.com/images/res_avatar_476_320_1x_new.png
Chubby Cho,4.3,4674.0,"Asian, Japanese, Oriental","Plot 1335/A, 3rd Floor, Road 45, Jubilee Hills, Hyderabad",Hyderabad,/hyderabad/chubby-cho-jubilee-hills/info,https://b.zmtcdn.com/data/pictures/5/18965675/8aac2e8c10c03071f5bc83a3642e9a54_featured_v2.jpg
Cafe Ikigai,4.3,1326.0,"Fast Food, Pizza, Chinese","Ground Floor, Prime Building, Laxmi Cyber City, Whitefields, Hyderabad",Hyderabad,/hyderabad/cafe-ikigai-whitefields/info,https://b.zmtcdn.com/data/pictures/2/21577872/1fb2c41a58b0024b487731b4ba266b24_o2_featured_v2.jpg
Naani's Pure Veg,4.3,3833.0,South Indian,"GF-001 & GF-002, FF-101, SF-201 & 210, ATRIUM MALL, Kondapur Main Road, Gachibowli, Hyderabad,500032, Gachibowli, Atrium mall , Hyderabad",Hyderabad,/hyderabad/naanis-pure-veg-gachibowli/info,https://b.zmtcdn.com/data/pictures/0/22133460/896df3e49814973f96a92524670cd37b_o2_featured_v2.jpg
Chowman,4.3,1874.0,"Chinese, Asian, Thai","House 17-1-382/R/10, Ground Floor, KNR Complex, RTC Colony, Circle 7, Santosh Nagar, Mithila, Hyderabad",Hyderabad,/hyderabad/chowman-mithila/info,https://b.zmtcdn.com/data/pictures/chains/6/20815516/a165d293831118db1b25d072bbb2afa9_featured_v2.jpg
ASF - Ancient Stone Flames BBQ & Grill,4.3,2969.0,"American, Kebab, Street Food","5th Floor, E Galleria Mall, Avasa, Hitech City Metro Station, Madhapur, Hyderabad",Hyderabad,/hyderabad/asf-ancient-stone-flames-bbq-grill-madhapur/info,https://b.zmtcdn.com/data/pictures/8/20998378/3c5056ccc85829281822c13da7c902c3_featured_v2.jpg
Hotel Mayukha Jungle Theme Restaurant,3.6,1392.0,"Chinese, Biryani, North Indian","PNR Empire, 1st Floor, Kukatpally, Hyderabad",Hyderabad,/hyderabad/hotel-mayukha-jungle-theme-restaurant-1-kukatpally/info,https://b.zmtcdn.com/data/pictures/6/20132986/94b699be6a1a18898a6053c7fa620f37_o2_featured_v2.jpg
Pawwa Everyday Bar & Bites,4.4,762.0,Chinese,"Plot 7, Circle 20, Beverly Hills, Near Jubilee Hills, Hyderabad",Hyderabad,/hyderabad/pawwa-everyday-bar-bites-jubilee-hills/info,https://b.zmtcdn.com/data/pictures/2/21702592/b7c8bb7e62de580f0dc2123023626541_featured_v2.jpg
SALT - Indian Restaurant,4.1,706.0,North Indian,"1-18/Sy-142/VSDTP/GF-1 Ground Floor, Vamsiram Suvarnadurga Tech Park, Nanakramguda Road, Madhava Reddy Colony, Nanakramguda, Hyderabad",Hyderabad,/hyderabad/salt-indian-restaurant-nanakramguda/info,https://b.zmtcdn.com/data/pictures/9/22190049/4e96fc246ef059e72f646ba208c7096c_o2_featured_v2.jpg
Mythus Brewpub & Kitchen,4.5,2333.0,Chinese,"4th & Terrace, Pearl Cardinal Building, Near EIPL Office, Gandipet, Hyderabad",Hyderabad,/hyderabad/mythus-brewpub-kitchen-gandipet/info,https://b.zmtcdn.com/data/pictures/5/21577575/7f35c43ff091a48d6c1acd159af3efb8_featured_v2.jpg
Cock & Bull,4.0,1650.0,"Italian, Mediterranean, British","Unit 11 & 12, Plot 22/23 & 31 to 33, Upper Ground Floor, Sky View Towers, Raidurgam, Circle 11, Madhapur, Hyderabad",Hyderabad,/hyderabad/cock-bull-madhapur/info,https://b.zmtcdn.com/data/pictures/4/19630684/9d4bb7ce81fba63e5e2e02449fcc0934_featured_v2.jpg
TGI Fridays,4.1,5454.0,"American, Burger, Italian","4th Floor, Nexus Mall, Phase 6, KPHB, Kukatpally, Hyderabad",Hyderabad,/hyderabad/tgi-fridays-kukatpally/info,https://b.zmtcdn.com/data/pictures/chains/6/91796/b548888a972584f1318d03e251e83263_featured_v2.jpg
Belloso Cafe,4.3,1303.0,"South Indian, Fast Food","Plot 324, Raghavendra Nagar Colony, Bhagayath, Gayatri Nagar, Uppal, Secunderabad",Hyderabad,/hyderabad/belloso-cafe-uppal-secunderabad/info,https://b.zmtcdn.com/data/pictures/5/21977795/cdf091bb342fc06f2f5f17d25a00bd94_featured_v2.jpg
Babylon Brewery & Club,4.5,5425.0,"Continental, Turkish, Modern Indian","148/2/E, Nanakramguda, Hyderabad",Hyderabad,/hyderabad/babylon-brewery-club-nanakramguda/info,https://b.zmtcdn.com/data/pictures/3/22295613/aade5a7026490f1cdc60f7f5dc094f78_featured_v2.jpg
Qosa Kitchen & Bar,4.4,1018.0,"Pizza, South Indian, Chinese","Rangareddy, Rajendranagar, Gandipet, Hyderabad",Hyderabad,/hyderabad/qosa-kitchen-bar-gandipet/info,https://b.zmtcdn.com/data/pictures/1/21328101/ede2b01ca8ac5fb60172412df3184dfc_featured_v2.jpg
Swing Lounge Sports Bar,4.7,671.0,"South Indian, Continental, Asian","5th Floor, THE LOFT, Silpa Gram Craft Village, Hitech City, Hyderabad",Hyderabad,/hyderabad/swing-lounge-sports-bar-hitech-city/info,https://b.zmtcdn.com/data/pictures/7/21811777/b9b961e311bf09e5688ef2fd6e7db832_featured_v2.jpg
AB's - Absolute Barbecues,3.9,5203.0,"North Indian, BBQ, Biryani","4th Floor, Hive Five Plaza 1, 1/A1, Chintalkunta, Hayat Nagar, Circle 3, Vanasthalipuram, Hyderabad",Hyderabad,/hyderabad/abs-absolute-barbecues-vanasthalipuram/info,https://b.zmtcdn.com/data/pictures/chains/6/94286/4ffa97a26ffba7b9547a18effbae8286_featured_v2.jpg
Beyond Sushi,4.3,936.0,"Korean, Asian, Momos","Plot No - 2 And 3, Sy No- 18, Gachibowli, Serlingampally Circle No 20, Nanakramguda, Hyderabad",Hyderabad,/hyderabad/beyond-sushi-nanakramguda/info,https://b.zmtcdn.com/data/pictures/7/22103137/4d3fcfc39295e6bb5cfacca46a47cc8d_o2_featured_v2.jpg
Toscano,4.4,1153.0,"Italian, Pizza, Pasta","18/VSDTP/2, Survey 142, Ground Floor, Madhava Reddy Colony, Serilingampally Circle 20, Nanakramguda, Hyderabad",Hyderabad,/hyderabad/toscano-nanakramguda/info,https://b.zmtcdn.com/data/pictures/7/22176127/0d7a22d158b81770001061a4cc5a83e9_o2_featured_v2.jpg
Cross Breed Club & Kitchen,4.2,2394.0,"South Indian, North Indian, Continental","Survey 133, 1st & 2nd Floor, Jayabheri Enclave, SLN Terminus, Gachibowli, Hyderabad",Hyderabad,/hyderabad/cross-breed-club-kitchen-gachibowli/info,https://b.zmtcdn.com/data/pictures/2/20745692/b9695d290c98c1ae26ba3128a1610ba6_featured_v2.jpg
Renao Cafe & Bistro,4.2,10.0,"Cafe, Continental, Pasta","Jaihind Enclave, Madhapur, Hyderabad",Hyderabad,/hyderabad/renao-cafe-bistro-madhapur/info,https://b.zmtcdn.com/data/pictures/2/20459362/f344c24698c51cb0ae3455ea850ad532_o2_featured_v2.jpg
Jewel of Nizam - The Minar - The Golkonda Resort,4.6,8019.0,"Hyderabadi, Mughlai","The Minar Golkonda Resorts, Gandipet, Hyderabad",Hyderabad,/hyderabad/jewel-of-nizam-the-minar-the-golkonda-resort-gandipet/info,https://b.zmtcdn.com/data/pictures/3/96763/835353091c2f0998c5d5c9986275c8a1_featured_v2.jpg
Ru - Craft Bar,4.4,1179.0,"North Indian, Modern Indian, Hyderabadi","377, Road Number 10, Near Navayuga Engg, Venkatagiri, Jubilee Hills, Hyderabad",Hyderabad,/hyderabad/ru-craft-bar-jubilee-hills/info,https://b.zmtcdn.com/data/pictures/4/20976064/871bcdf6d58ead57471d246a5f20976b_o2_featured_v2.jpg
Golconda Pavilion - ITC Kohenur,4.2,1342.0,"Continental, North Indian, South Indian","Plot 5, Survey 83/1, Knowledge City, ITC Kohenur, Hitech City, Hyderabad",Hyderabad,/hyderabad/golconda-pavilion-itc-kohenur-hitech-city/info,https://b.zmtcdn.com/data/pictures/6/18712126/05ecdc426160781b56ac384df2455d25_featured_v2.jpg
Van Lavino,4.5,5539.0,"Mexican, Salad, Continental","Shop 4, Road 36, Jubilee Hills, Hyderabad",Hyderabad,/hyderabad/van-lavino-jubilee-hills/info,https://b.zmtcdn.com/data/pictures/1/18362361/9e2c35eb530c45c91908998771eb43c1_featured_v2.jpg
Sobremesa- Bakehouse Cafe Kitchen,4.3,2463.0,"Coffee, Continental, Desserts","8-2-293/82/A/593, Road 31, Jubilee Hills, Hyderabad",Hyderabad,/hyderabad/sobremesa-bakehouse-cafe-kitchen-jubilee-hills/info,https://b.zmtcdn.com/data/pictures/2/20122962/26ad47ae18ae8e526a633a7adad88fe0_featured_v2.jpg
IGURU Buffet,4.5,1692.0,"South Indian, Andhra","3rd Floor, Khajaguda, Nanakramguda Road, Sai Vaibhav Layout, Chitrapuri Colony, Manikonda, Hyderabad",Hyderabad,/hyderabad/iguru-buffet-manikonda/info,https://b.zmtcdn.com/images/res_avatar_476_320_1x_new.png
Dandy & Dandy,4.3,99.0,Continental,"5th Floor, The Loft, Nexity, Hitech City, Hyderabad",Hyderabad,/hyderabad/dandy-dandy-hitech-city/info,https://b.zmtcdn.com/images/res_avatar_476_320_1x_new.png
Tales of Telugu,4.2,3290.0,"South Indian, Andhra, Biryani","Gate 11, Ground, Salarpuria Sattiva Knowledge City, 2.0, Next to T-Hub, Silpa Gram Craft Village, Madhapur, Hyderabad, Madhapur, Hyderabad",Hyderabad,/hyderabad/tales-of-telugu-madhapur/info,https://b.zmtcdn.com/data/pictures/4/21051244/a52c3da91f9b8b3f3a47d1214672dae7_featured_v2.jpg
KGF-Krishna Godavari Flavours,3.9,3343.0,"South Indian, North Indian, Chinese","Survey 225, Plot 7 To 18, Circle 21, Widia Colony Road, Above Vijeta Super Market, Alwin X roads, Miyapur, Hyderabad",Hyderabad,/hyderabad/kgf-krishna-godavari-flavours-1-miyapur/info,https://b.zmtcdn.com/data/pictures/6/21510676/e94ec329605650b436e38c7692b7cbb7_o2_featured_v2.jpg
Old Trees Cafe,4.3,1927.0,"Pizza, Italian, Continental","Old Trees Cafe, Kandlakoya, Opposite KSR Convention, Kompally, Hyderabad",Hyderabad,/hyderabad/old-trees-cafe-kompally/info,https://b.zmtcdn.com/data/pictures/chains/0/20755900/66b419abde24541542d2e2fe165d9489_featured_v2.jpg
Am Aha Kitchen and Bar,4.2,1500.0,"South Indian, Chinese, Biryani","4th Floor, 64, Inorbit Mall Rd, APIIC Software Layout, Madhapur, Hyderabad",Hyderabad,/hyderabad/am-aha-kitchen-and-bar-madhapur/info,https://b.zmtcdn.com/data/pictures/6/21478136/426bf6fdc50d3ce9d0909199580c171b_featured_v2.jpg
Hiro Pan Asian Bar And Kitchen,4.4,1073.0,"Asian, Japanese, Chinese","775/A, CBI Colony, Road 45, Jubilee Hills, Hyderabad",Hyderabad,/hyderabad/hiro-pan-asian-bar-and-kitchen-1-jubilee-hills/info,https://b.zmtcdn.com/data/pictures/8/21711588/90f3bb7d8007a292998fad603921471a_featured_v2.jpg
Knox Club & Kitchen,4.2,317.0,"Bar Food, North Indian, Chinese","5th Floor, Mallik Solitaire, Road 36, Jubilee Hills, Hyderabad",Hyderabad,/hyderabad/knox-club-kitchen-jubilee-hills/info,https://b.zmtcdn.com/images/res_avatar_476_320_1x_new.png
Cayenne - Mercure Hyderabad KCP,4.0,562.0,"North Indian, South Indian, Chinese","6-3-551, Banjara Hills Main Road, Khairatabad, Hyderabad",Hyderabad,/hyderabad/cayenne-mercure-hyderabad-kcp-khairatabad/info,https://b.zmtcdn.com/data/pictures/8/18340498/c52983417209807d2187e938b5813b5a_featured_v2.jpg
The Nawaabs Restaurant,3.8,29.0,"Hyderabadi, Arabic, Mughlai","3/136, Anjaiah Nagar, Gachibowli Road, Gachibowli, Hyderabad",Hyderabad,/hyderabad/the-nawaabs-restaurant-1-gachibowli/info,https://b.zmtcdn.com/data/pictures/0/19633740/4bf92587117ebb38204c3b36df970664_o2_featured_v2.jpg
Samprada Telugu Cuisine,3.7,1168.0,"North Indian, South Indian, Chinese","4th Floor, Satyanarayana Arcade, Vinayaknagar Colony, Gachibowli, Hyderabad",Hyderabad,/hyderabad/samprada-telugu-cuisine-gachibowli/info,https://b.zmtcdn.com/data/pictures/8/22189168/a5d886f131017997319277ab3402b48a_o2_featured_v2.jpg
Studio XO x Stone Waters,4.5,425.0,North Indian,"Prestige Skytech, Puppalaguda, Gandipeta, Financial District, Nanakramguda, Hyderabad",Hyderabad,/hyderabad/studio-xo-x-stone-waters-nanakramguda/info,https://b.zmtcdn.com/images/res_avatar_476_320_1x_new.png
Nowl Club & Kitchen,3.9,291.0,"South Indian, Asian, Italian","5th Floor, Road 36, near Ajfan Dry Fruits, Jubilee Hills, Hyderabad",Hyderabad,/hyderabad/nowl-club-kitchen-jubilee-hills/info,https://b.zmtcdn.com/data/pictures/2/21504022/33dd54bec0b03941caac228d7dc77168_featured_v2.jpg
PizzaExpress,4.4,2391.0,"Pizza, Pasta, Bakery","F48A, 1St Floor, Inorbit Mall, Apiic Software Layout Opposite Durgam Cheruvu Madhapur, Hyderabad",Hyderabad,/hyderabad/pizzaexpress-madhapur/info,https://b.zmtcdn.com/data/pictures/2/20629802/03ed27c16f3f30c5eba7462a04e02512_featured_v2.jpg
Si Nonna's - The Original Sourdough Pizza,4.3,962.0,"Pizza, Italian, Desserts","House 1 55/191/94/95, Survey 191, Plot 94, Ground Floor, Valentia Plaza, Circle 20, Camelot Layout, Kondapur, Hyderabad",Hyderabad,/hyderabad/si-nonnas-the-original-sourdough-pizza-kondapur/info,https://b.zmtcdn.com/data/pictures/6/22493836/a8a51a733d524e78ed8f1bb44c00b7b7_o2_featured_v2.jpg
Asaa,4.4,408.0,"South Indian, Modern Indian","Survey 319 & 320, Ground Floor, Myscape Stories, Stories Road, Financial District, Hyderabad",Hyderabad,/hyderabad/asaa-financial-district/info,https://b.zmtcdn.com/data/pictures/9/22188709/d3b62fe88e76250b155ace95908917d8_o2_featured_v2.jpg
Terrace - Mercure Hyderabad KCP,4.2,521.0,"Salad, North Indian, Chinese","12th Floor, Irram Manzil Colony, Punjagutta, Khairatabad, Hyderabad",Hyderabad,/hyderabad/terrace-mercure-hyderabad-kcp-khairatabad/info,https://b.zmtcdn.com/data/pictures/2/20565372/bccf6cabc04a24fa6c4ccfbb56ac6a99_featured_v2.jpg
Hola - Tap Room,4.1,327.0,"Indian, Asian, Continental","Survey 136, 6th Floor, Kondapur Main Road, Gachibowli, Hyderabad",Hyderabad,/hyderabad/hola-tap-room-gachibowli/info,https://b.zmtcdn.com/data/pictures/3/22654003/48b8686ba9efe9c8ae1aaa3ff3ccea8e_o2_featured_v2.jpg
White Hart,4.3,3190.0,"North Indian, Mughlai, Continental","3rd Floor, Preston Prime Mall, Near Bio Diversity Junction, Lumbini Avenue, Gachibowli, Hyderabad",Hyderabad,/hyderabad/white-hart-gachibowli/info,https://b.zmtcdn.com/data/pictures/9/20976279/ceb8890dba4f9ad4fca1749ddab1f7ff_featured_v2.jpg
Manam Chocolate,4.5,1502.0,"Desserts, Coffee, Salad","Road No 12, Kaushik Society, Ministers Colony, Anand Banjara Colony, Banjara Hills, Hyderabad",Hyderabad,/hyderabad/manam-chocolate-1-banjara-hills/info,https://b.zmtcdn.com/data/pictures/5/21243905/6e7a0c1cb41a88baacc98f464c0505c7_featured_v2.jpg
Tiger Lily-Coffee & Bistro,4.3,903.0,"Cafe, American, Continental","House 9-29/G2, Unit 01/101, Survey 319, Ground Floor/1St Floor, Puppalaguda, Financial District, Hyderabad",Hyderabad,/hyderabad/tiger-lily-coffee-bistro-financial-district/info,https://b.zmtcdn.com/data/pictures/1/22098691/e1123429b322509ff02294d01c16be02_featured_v2.jpg
Tridhara,4.1,355.0,"Andhra, South Indian","Survey 107/P, Ground Floor, Tower 5, Near GAAR Infobahn Gate 5, Village Road, Kokapet, Hyderabad",Hyderabad,/hyderabad/tridhara-kokapet/info,https://b.zmtcdn.com/data/pictures/4/22743654/1fc657a4-420a-4ac0-9901-6c8ccab7cce8_o2_featured_v2.png
Lord Of The Drinks,4.2,1256.0,"North Indian, Asian, Bar Food","CBI Colony, Cable Bridge Road, Jubilee Hills, Hyderabad",Hyderabad,/hyderabad/lord-of-the-drinks-jubilee-hills/info,https://b.zmtcdn.com/data/pictures/4/20670174/874629dca183b0e79bcc7dde1c7bb25f_featured_v2.jpg
Monastery,4.4,1338.0,"Continental, Mexican, Asian","Plot Number. 2, Knowledge City, Phase 1, Village Salarpuria, Raidurg, Hitech City, Hyderabad",Hyderabad,/hyderabad/monastery-hitech-city/info,https://b.zmtcdn.com/data/pictures/1/20402271/b4e3579acab447f53d164bdd4f9f0062_featured_v2.jpg
The Rabbit Hole Lounge Bar And Kitchen,3.7,545.0,"Italian, Continental, Alcoholic Beverages","SHOP NO-416, Fifth Floor, Kokapet, Gandipet Main Road, Narsingi, Hyderabad",Hyderabad,/hyderabad/the-rabbit-hole-lounge-bar-and-kitchen-narsingi/info,https://b.zmtcdn.com/data/pictures/1/21503991/cb680d632e34fb3a153ec501c3c6c0ee_featured_v2.jpg
Fursat Kitchen - Bar,4.2,1214.0,"South Indian, North Indian, Biryani","Shop G1, House 1-98/4/1, Jaihind Enclave, Jain Sadguru Images Capital Park, Circle 21, VIP Hills, Image Gardens Road, Madhapur, Hyderabad",Hyderabad,/hyderabad/fursat-kitchen-bar-madhapur/info,https://b.zmtcdn.com/data/pictures/0/21901890/27b1da6aa30a9dc421016b4c07e776e6_o2_featured_v2.jpg
Palace Heights - Kitchen and Bar,4.5,488.0,"North Indian, Mughlai, Continental","Palace heights 3rd floor, lake shore mall IDA Kukatpally, Kukatpally, Hyderabad",Hyderabad,/hyderabad/palace-heights-kitchen-and-bar-kukatpally/info,https://b.zmtcdn.com/images/res_avatar_476_320_1x_new.png
Dusk - Dine by the skyline,4.3,189.0,"North Indian, Chinese, Biryani","4th Floor, Mandalay Lane, Paradise, 1, 7, 54/A Sappu Bagh Apaprtment, Jogani, Ramgopalpet, Paradise Circle, Secunderabad",Hyderabad,/hyderabad/dusk-dine-by-the-skyline-paradise-circle-secunderabad/info,https://b.zmtcdn.com/images/res_avatar_476_320_1x_new.png
FOO Asian Tapas,4.6,3010.0,"Asian, Chinese, Sushi","Level 4, Inorbit Mall Cyberabad, Apiic Software Layout, Madhapur, Hyderabad",Hyderabad,/hyderabad/foo-asian-tapas-madhapur/info,https://b.zmtcdn.com/data/pictures/5/21156145/431c1b275c99fe6d065abb7316ac9057_featured_v2.jpg
Seasonal Tastes - The Westin,4.3,2398.0,"Continental, North Indian, Italian","The Westin Mindspace, Survey 64, Building 15, K.Raheja IT Park, APIIC Software Layout, Hitech City, Hyderabad",Hyderabad,/hyderabad/seasonal-tastes-the-westin-hitech-city/info,https://b.zmtcdn.com/data/pictures/8/91808/34194265d81bfc6d35b3a37ea47a8b27_featured_v2.jpg
C.O Rajahmundry Kitchen and Bar,4.0,958.0,"North Indian, South Indian, Biryani","H NO 2-62/1/NR(NORTH)&2-62/A/NR, SY NO 86, 5TH FLOOR, PULI KR SQUARE, GF7H M7, SANTA SRIRAM ESTATES, JEEDIMETLA, Qutubullapur (Except GHMC Area), Medchal-Malkajgiri, Telangana-500055 Telangana, Kompally, Hyderabad",Hyderabad,/hyderabad/c-o-rajahmundry-kitchen-and-bar-kompally/info,https://b.zmtcdn.com/data/pictures/6/22349316/e3a1e35f9a90f38dc25a3acfe5f279eb_o2_featured_v2.jpg
Cascade - Radisson Hyderabad Hitec City,4.1,1705.0,"Continental, North Indian, Italian","Radisson Hyderabad Hitec City, Chhota Anjaiah Nagar, Gachibowli, Hyderabad",Hyderabad,/hyderabad/cascade-radisson-hyderabad-hitec-city-gachibowli/info,https://b.zmtcdn.com/data/pictures/2/95972/78f6fcaffb6cb39f98c3f1261790784a_featured_v2.jpg
Cafe Napoli,4.5,103.0,Italian,"Luxor AVE, Sree Prabhupada TWP, Prabhupada Layout, Kondapur, Hyderabad",Hyderabad,/hyderabad/cafe-napoli-kondapur/info,https://b.zmtcdn.com/data/pictures/5/22622615/82cddb45-cf0d-4cec-bf69-e092721a5a37_o2_featured_v2.jpeg
RITHM Cafe,3.3,398.0,"Coffee, Fast Food, Healthy Food","8-2-293, 83F, Plot 87, Type A, Road Number 9, Film Nagar, Hyderabad",Hyderabad,/hyderabad/rithm-cafe-1-film-nagar/info,https://b.zmtcdn.com/data/pictures/8/22342738/83addd84a82830e6fd96c4bf29864eb8_o2_featured_v2.jpg
Theta Theta Telugu,4.5,152.0,"Hyderabadi, South Indian, Andhra","Gayatri Hills, 8-2-293/82/A/270/A, Road 10 A, Jubilee Hills, Hyderabad",Hyderabad,/hyderabad/theta-theta-telugu-jubilee-hills/info,https://b.zmtcdn.com/images/res_avatar_476_320_1x_new.png
Good Flippin' Burgers,3.8,238.0,"Burger, American, Fast Food","House 5-5-32/1/B/IV-F/SC L4-19, 4th Floor, Circle 24, Lakeshore Mall Y Junction, Kukatpally, Hyderabad",Hyderabad,/hyderabad/good-flippin-burgers-kukatpally/info,https://b.zmtcdn.com/data/pictures/0/22519280/15a6e6b8bca805d0940a8141962ff075_o2_featured_v2.jpg
Mairu Bistro,3.6,3299.0,"Cafe, Coffee, Pasta","815/A, CBI Colony, Road 41, Jubilee Hills, Hyderabad",Hyderabad,/hyderabad/mairu-bistro-jubilee-hills/info,https://b.zmtcdn.com/data/pictures/8/20707758/732ae19556931f65d00f258471df366c_featured_v2.jpg
Feast- Sheraton Hyderabad Hotel,4.1,2499.0,"Modern Indian, Asian, Mediterranean","115/1, Nanakramguda, ISB Road, Financial District, Hyderabad",Hyderabad,/hyderabad/feast-sheraton-hyderabad-hotel-financial-district/info,https://b.zmtcdn.com/data/pictures/6/97396/0a602876811506c9a5830586e51f1ba0_featured_v2.jpg
Bawarchi,4.3,652.0,"Biryani, North Indian, Seafood","Door 66, Axamabad, RTC X roads, Hyderabad",Hyderabad,/hyderabad/bawarchi-rtc-x-roads/info,https://b.zmtcdn.com/data/pictures/6/90896/980c7cf1ceead935b09bc2c9f7ef403c_featured_v2.jpg
The Dining Room - Park Hyatt,4.0,1580.0,"Oriental, North Indian, Mughlai","Park Hyatt, Hyderabad Road 2, Banjara Hills, Hyderabad",Hyderabad,/hyderabad/the-dining-room-park-hyatt-banjara-hills/info,https://b.zmtcdn.com/data/pictures/6/92606/cc1c15a6de3e73377060b3f2bff6770e_o2_featured_v2.jpg
4 Note - Hyatt Hyderabad,4.2,375.0,"European, Italian, Andhra","Near Financial District, Road 2, Nanakramguda, Hyderabad",Hyderabad,/hyderabad/4-note-hyatt-hyderabad-nanakramguda/info,https://b.zmtcdn.com/images/res_avatar_476_320_1x_new.png
Oye Kake,4.5,2713.0,"North Indian, Desserts, Beverages","Shop 2, Unit 2, Gate 11, Sattva Knowledge City, Near T-Hub, Hitech City, Hyderabad",Hyderabad,/hyderabad/oye-kake-1-hitech-city/info,https://b.zmtcdn.com/data/pictures/1/21550771/e5a96e1f720b98cbcb364bc5b5431b51_featured_v2.jpg
Ala Dakshinapuramlo,4.0,6799.0,"South Indian, Andhra, Biryani","Phoenix Tower A, 3rd Floor, Hitech City, Hyderabad",Hyderabad,/hyderabad/ala-dakshinapuramlo-1-hitech-city/info,https://b.zmtcdn.com/data/pictures/2/20698812/d305a383fc4c3bcb741957a71a51b2a2_featured_v2.jpg
Post Card - Global Tapas Bar,4.2,1716.0,"Bar Food, North Indian, Modern Indian","83/1, Circle 20, Dallas Centre, Panmaktha, Serilingampally, Hitech City, Hyderabad",Hyderabad,/hyderabad/post-card-global-tapas-bar-hitech-city/info,https://b.zmtcdn.com/data/pictures/0/21091090/459177f2990a0f6280851b837b41c413_featured_v2.jpg
Ghaatu - The Kitchen Of Flavours,4.1,121.0,"South Indian, Hyderabadi, Andhra","Plot 95, Ground Floor, Kandalas Castle, Ayyapa Society, Mega Hills, Chanda Naik Nagar, Circle 24, Madhapur, Hyderabad",Hyderabad,/hyderabad/ghaatu-the-kitchen-of-flavours-madhapur/info,https://b.zmtcdn.com/data/pictures/2/22718662/062adc7410efaab2ef45b4a331676e25_o2_featured_v2.jpg
Kipling's Déli & Bistro,4.4,118.0,"Continental, Sandwich, Pasta","4th Floor, Software Units Layout, Vittal Rao Nagar, Hitech City, Hyderabad",Hyderabad,/hyderabad/kiplings-déli-bistro-hitech-city/info,https://b.zmtcdn.com/data/pictures/7/22719267/a3d2914627b56fa37d9f06554c1bf730_o2_featured_v2.jpg
The Game Palacio,4.6,434.0,"Pizza, Sushi, Asian","Unit Ta-04 And 05, Third Floor, Inorbit Hyderabad, Survey 64(Part), Madhapur Village, Serlingampally Mandal Ranga Reddy District, Hitech City, Hyderabad",Hyderabad,/hyderabad/the-game-palacio-hitech-city/info,https://b.zmtcdn.com/images/res_avatar_476_320_1x_new.png
Firewater Neo Bar And Kitchen,4.3,1801.0,"North Indian, Indo-Chinese, South Indian","Level 12, The District, Myscape Road, Financial District, Nanakramguda, Hyderabad",Hyderabad,/hyderabad/firewater-neo-bar-and-kitchen-financial-district/info,https://b.zmtcdn.com/data/pictures/3/21438993/7b73f7b50e2540c9c987e1d1bb20fcd8_featured_v2.jpg
Roast 24 Seven,4.4,5169.0,"Cafe, Coffee, Continental","Plot 25, 42, 44, Survey 18 & 19, Near Vyshnavi Cynosure, Telecom Nagar, Gachibowli, Hyderabad",Hyderabad,/hyderabad/roast-24-seven-gachibowli/info,https://b.zmtcdn.com/data/pictures/0/20388020/0fc6b220297879e1f4080d765b7965f0_featured_v2.jpg
Hoshi,4.4,159.0,"Coffee, Cafe","Survey 3P, Circle 20, Guttala Begumpet, Madhapur, Hyderabad",Hyderabad,/hyderabad/hoshi-madhapur/info,https://b.zmtcdn.com/data/pictures/1/22564271/9b6598a5937d71ba66789b3c49063cb9_o2_featured_v2.jpg
Carpe Diem,3.4,1200.0,"Continental, North Indian, Oriental","724/A, Gate 1, Plot 15, Metro Steet, CBI Colony, Road 37, Jubilee Hills, Hyderabad",Hyderabad,/hyderabad/carpe-diem-jubilee-hills/info,https://b.zmtcdn.com/data/pictures/chains/9/18725609/0eed6e5cf42975b487947e02f23e29f4_featured_v2.jpg
Fat Pigeon,4.1,3038.0,"Bar Food, Continental, North Indian","Plot 1335/A, Road 45, Jubilee Hills, Hyderabad",Hyderabad,/hyderabad/fat-pigeon-2-jubilee-hills/info,https://b.zmtcdn.com/data/pictures/0/18459130/268e14172eb45359ca113ab18e00c3a2_featured_v2.jpg
Artisan Kitchen & Bar,4.2,1579.0,"Chinese, Biryani, North Indian","4/7, 1/2, Opposite Sai Baba Temple, BK Enclave, Bollaram Road, Krishnaja Hills, Miyapur, Hyderabad",Hyderabad,/hyderabad/artisan-kitchen-bar-miyapur/info,https://b.zmtcdn.com/data/pictures/1/21907421/b5eba439bde7e0d26392eca0fa1dca70_featured_v2.jpg
Sip Society,4.234118852459017,1991.6997950819673,"North Indian, Chinese, South Indian","5th Floor, Aditya Enclave, Road 36, Jubilee Hills, Hyderabad",Hyderabad,/hyderabad/sip-society-jubilee-hills/info,https://b.zmtcdn.com/images/res_avatar_476_320_1x_new.png
Windmills Craftworks,4.5,270.0,"North Indian, Chinese, South Indian","Knowledge City, Silpa Gram Craft Village, Commerzone Road, Hitech City, Hyderabad",Hyderabad,/hyderabad/windmills-craftworks-hitech-city/info,https://b.zmtcdn.com/images/res_avatar_476_320_1x_new.png
One Lounge Bar & Kitchen,4.4,1222.0,"South Indian, Fast Food, Biryani","20 & 21, Sagar Ring Road, Saroor Nagar, Hyderabad",Hyderabad,/hyderabad/one-lounge-bar-kitchen-saroor-nagar/info,https://b.zmtcdn.com/data/pictures/4/20483144/8308b167768f1abfb9639d9306ff3a54_featured_v2.jpg
Tan Coffee,4.3,1416.0,"Cafe, Coffee, Pizza","1-90/2/4/8A, Khanamet Village, Near Hitech City Flyover, Service Road, Madhapur, Hyderabad",Hyderabad,/hyderabad/tan-coffee-madhapur/info,https://b.zmtcdn.com/data/pictures/5/21590805/613ce28f053988d7cbea11c438fb4f62_featured_v2.jpg
AM AHA Telugu Kitchen,4.1,595.0,South Indian,"1-150/1, Near Shilpa Grammar High School, Madhapur, Hyderabad",Hyderabad,/hyderabad/am-aha-telugu-kitchen-madhapur/info,https://b.zmtcdn.com/data/pictures/8/22594738/d3ebad39e4f44a0f904f029e9970e00a_o2_featured_v2.jpg
La Sabroso,4.3,1716.0,"Cafe, Continental, Pizza","Beside Shivaji Military Hotel Madhapur, Opposite To Game Point Hitech-city, Madhapur Road, Madhapur, Hyderabad",Hyderabad,/hyderabad/la-sabroso-madhapur/info,https://b.zmtcdn.com/data/pictures/3/20556793/dc301a058ce8b0df505788edd12d0d18_featured_v2.jpg
Pakka Local,4.1,13.0,"South Indian, Hyderabadi, Chinese","2-30/4, First Floor, Apurupa Silpi, Indira Nagar, Gachibowli, Hyderabad",Hyderabad,/hyderabad/pakka-local-gachibowli/info,https://b.zmtcdn.com/data/pictures/chains/1/18586521/505917b3549c45a596e6e0124ea5216e_featured_v2.jpg
Trick Bar & Kitchen by 10D,4.3,1803.0,"North Indian, Continental, Chinese","Aparna Mall, HUDA Layout, Nallagandla, Hyderabad",Hyderabad,/hyderabad/trick-bar-kitchen-by-10d-nallagandla/info,https://b.zmtcdn.com/data/pictures/6/21298836/f50981e5f7266e42e87d9d31a61799c3_featured_v2.jpg
Ohri's Eatmor,4.2,6552.0,"North Indian, Chinese, Sichuan","Door 8 Ground Floor, 2 682/3, Road 12, Fortune Enclave, Sri Ram Nagar Colony, Banjara Hills, Hyderabad",Hyderabad,/hyderabad/ohris-eatmor-banjara-hills/info,https://b.zmtcdn.com/data/pictures/2/18557462/01a5b77f8cba974a0327b54ca6719bb2_featured_v2.jpg
Peg Bro Lounge Bar Kitchen,4.3,796.0,"Biryani, South Indian, Kebab","4th Floor, Chandra's Vajra Building, Miyapur Road, Near Bollaram X Road, KBR Colony, Bachupally, Hyderabad",Hyderabad,/hyderabad/peg-bro-lounge-bar-kitchen-bachupally/info,https://b.zmtcdn.com/data/pictures/5/21690245/875aa8b90cefc10047ce590cde8791e6_featured_v2.jpg
Cafe Niloufer,4.6,11.0,"South Indian, Fast Food, Pizza","Plot 30/C, Survey 83/1, Circle 20, Knowledge City, Raidurgam, Serlingampally, Near Hitech City, Hyderabad",Hyderabad,/hyderabad/cafe-niloufer-hitech-city/info,https://b.zmtcdn.com/data/pictures/chains/5/18241275/6c8a588a3922a5f510946e9a3a3fd65b_featured_v2.jpg
Hanok - Seoulful Food,4.2,497.0,"Korean, Chinese, Continental","Plot 416, Road 78, Film Nagar, Hyderabad",Hyderabad,/hyderabad/hanok-seoulful-food-film-nagar/info,https://b.zmtcdn.com/data/pictures/9/21691069/cd59775b43c319612ba2906c9f467bf5_featured_v2.jpg
YouMee,4.4,5445.0,"Chinese, Asian, Japanese","3rd Floor, Food Court, Nexus Mall KPHB Phase 9, Kukatpally, Hyderabad",Hyderabad,/hyderabad/youmee-kukatpally/info,https://b.zmtcdn.com/data/pictures/chains/3/21234403/b6fd131cec4f16e3228582a7a6bb2cad_featured_v2.jpg
Veto Bar & Kitchen,4.2,465.0,"North Indian, Chinese, South Indian","2/38 & 2/39, Serilingampally Circle 20, Kondapur, Hyderabad",Hyderabad,/hyderabad/veto-bar-kitchen-kondapur/info,https://b.zmtcdn.com/data/pictures/5/21888695/8929a2ce819bc5f9816128e8415ecac4_featured_v2.jpg
Karafa,4.4,1650.0,"Cafe, Coffee, Desserts","Plot 1182 Cable Bridge Road Jubilee Hills, Hyderabad",Hyderabad,/hyderabad/karafa-1-jubilee-hills/info,https://b.zmtcdn.com/data/pictures/7/21181977/414fa26f866262db1b3aca85d672d46c_featured_v2.jpg
Ko Ko Kai - Asian Kitchen And Cocktails,4.5,2155.0,"Japanese, Asian, Sushi","House 11-5/1/431, Survey 156, 4th Floor & 5th Floor, Block K-3, Narsingi Village, Gandipet, Hyderabad",Hyderabad,/hyderabad/ko-ko-kai-asian-kitchen-and-cocktails-gandipet/info,https://b.zmtcdn.com/data/pictures/1/20987701/3ce641c300b34dd22895e215dee6579e_featured_v2.jpg
Sorrel,4.4,2134.0,"North Indian, Chinese, Continental","G/6B, Ground Floor, Jai Hind Enclave, Serlingampally Circle 20, Madhapur, Hyderabad",Hyderabad,/hyderabad/sorrel-madhapur/info,https://b.zmtcdn.com/data/pictures/4/21108594/5db21754acdd623e6facd4970d50aab4_featured_v2.jpg
Sky 100 Kitchen & Bar,3.9,392.0,"Continental, North Indian, Biryani","Plot 323, 7th Floor, Survey 11, Excello Building, 100 Feet Road, SBH Officers Colony, Mega Hills, Madhapur, Hyderabad",Hyderabad,/hyderabad/sky-100-kitchen-bar-madhapur/info,https://b.zmtcdn.com/images/res_avatar_476_320_1x_new.png
LastHouse: By The Lake,3.8,389.0,"Cafe, Coffee, Tea","Near Durgam Cheruvu Road, Amar Co Operative Society, Doctor's Colony, Madhapur, Jubilee Hills, Hyderabad",Hyderabad,/hyderabad/lasthouse-by-the-lake-jubilee-hills/info,https://b.zmtcdn.com/data/pictures/1/20926961/185a011207962d80e2dd857328570e25_featured_v2.jpg
The Waterfront Bar & Grill,4.1,1633.0,"Finger Food, Mughlai, Chinese","Eat Street, Necklace Road, PV Narasimha Rao Marg, Hussain Sagar, Khairtabad, Hyderabad, Necklace Road, Hyderabad",Hyderabad,/hyderabad/the-waterfront-bar-grill-necklace-road/info,https://b.zmtcdn.com/data/pictures/7/90857/86bdba7aa93a5177335bc7f97b55f586_featured_v2.jpg
Tiger Lily Bistro,4.3,3847.0,"Continental, Pizza, Pasta","272, Road 10, Near Sbricks Castle, Venkatagiri, Jubilee Hills, Hyderabad",Hyderabad,/hyderabad/tiger-lily-bistro-1-jubilee-hills/info,https://b.zmtcdn.com/data/pictures/4/19239754/c8f25407801bbee378c47d702b4b34f7_featured_v2.jpg
Pause,3.6,2340.0,"North Indian, Italian, Asian","Plot 2 and 3, Second Floor, SBR Surya Pearl Building, Near IKEA, Phase 2, Rai Durg, Hitech City, Hyderabad",Hyderabad,/hyderabad/pause-hitech-city/info,https://b.zmtcdn.com/data/pictures/8/20524778/699aeb364d98704fbcd593c2430cbc1b_featured_v2.jpg
Adhira & Appa Coffee,4.1,39.0,"South Indian, Coffee, Beverages","SURVEY NO-199,FLAT NO-70C,, JYOTHI GRANULES BUILDING, KONDAPUR, Serlingampally Circle No 20, Hyderabad, Telangana - 500084, Telangana",Hyderabad,/hyderabad/adhira-appa-coffee-kondapur/info,https://b.zmtcdn.com/data/pictures/5/22488455/913f699b-8176-4058-aac7-f12ee3d85cdd_o2_featured_v2.jpg
SKYHY Live,4.1,1601.0,"Chinese, Continental, Fast Food","4/5, 4b/5b, Sri Tirumala Platinum, Gachibowli, Hyderabad",Hyderabad,/hyderabad/skyhy-live-gachibowli/info,https://b.zmtcdn.com/data/pictures/8/20059868/8c1cc26dc92b3e879323557804f05be0_featured_v2.jpg
Mirosa Cafe & Kitchen,4.3,3117.0,"Pizza, Burger, Fast Food","3-6-236/2, 3-6-236/2/A, Road 15, AP State Housing Board, Himayath Nagar, Hyderabad",Hyderabad,/hyderabad/mirosa-cafe-kitchen-1-himayath-nagar/info,https://b.zmtcdn.com/data/pictures/5/20644895/2b8b801ff966cc12f7f57475a14065a0_featured_v2.jpg
Kritaa Nagar,4.2,2133.0,"Biryani, Chinese, South Indian","Polt no: 40 & 41,Survey No:115/01,IT park,Nanakramguda, Serlingampally Circle No 20, Hyderabad, Telangana-500032, Telangana",Hyderabad,/hyderabad/kritaa-nagar-gachibowli/info,https://b.zmtcdn.com/data/pictures/1/21789971/2a447d811a5ffa358225d314e9a65687_featured_v2.jpg
Kuchipudi - Katriya Hotels,3.7,122.0,"Andhra, Seafood, Hyderabadi","8, Raj Bhavan Road, Somajiguda, Hyderabad",Hyderabad,/hyderabad/kuchipudi-katriya-hotels-somajiguda/info,https://b.zmtcdn.com/data/pictures/1/91831/53f6b2af2749c4e50cb1ef5db3727e3a_featured_v2.jpg
Lava Stone Fire World,4.234118852459017,1991.6997950819673,"North Indian, Chinese, South Indian","2 Floor jyothi imperial vamsiran builders Janardan Hills Telangana, Hitech City, Hyderabad",Hyderabad,/hyderabad/lava-stone-fire-world-hitech-city/info,https://b.zmtcdn.com/images/res_avatar_476_320_1x_new.png
Telugu Medium Kitchen & Bar,4.2,7139.0,"South Indian, North Indian, Andhra","Plot 1062, Nandagiri Hills, Road 46, Jubilee Hills, Hyderabad",Hyderabad,/hyderabad/telugu-medium-kitchen-bar-jubilee-hills/info,https://b.zmtcdn.com/data/pictures/1/20697201/296ee129cfa50b3ca71b5ec1b379e527_featured_v2.jpg
House Of Bagaara,4.4,4649.0,"Biryani, Chinese, Hyderabadi","The Square, Plot No.4, Metro Pillar No.1745, Durgam Cheruvu, Madhapur, Hyderabad, Telangana",Hyderabad,/hyderabad/house-of-bagaara-1-madhapur/info,https://b.zmtcdn.com/data/pictures/6/20956166/233f7ee409a56724377e14b933e783a3_featured_v2.jpg
The Bougainvillea & Zuci,4.6,1715.0,"Continental, Asian, Sushi","31, Plot 695, Aditya Enclave, Venkatagiri, Jubilee Hills, Hyderabad",Hyderabad,/hyderabad/the-bougainvillea-zuci-jubilee-hills/info,https://b.zmtcdn.com/data/pictures/8/19327828/8a6a3972f2f17af53013fac6d5a28d9f_featured_v2.jpg
Cream Centre,4.6,1533.0,"North Indian, Chinese, Biryani","Shop CD/4, Ground Floor, Salarpuria Satva, Hitech City, Hyderabad",Hyderabad,/hyderabad/cream-centre-1-hitech-city/info,https://b.zmtcdn.com/data/pictures/6/20781136/37caab1f257e29eafd6968d11965db48_featured_v2.jpg
Mahua Kitchen and Bar,4.234118852459017,1991.6997950819673,"North Indian, Fast Food, Bar Food","H 1-95/F, SY 508/A, Opposite Bharat Petrol Bunk, Bachupally, Hyderabad",Hyderabad,/hyderabad/mahua-kitchen-and-bar-bachupally/info,https://b.zmtcdn.com/images/res_avatar_476_320_1x_new.png
Solcito - The Leela,4.1,152.0,"Continental, Oriental, European","Lobby Level, THE LEELA, 8-2-268/A/1/1, Sagar Society, Sri Nagar Colony, Aurora Colony, Banjara Hills, Hyderabad",Hyderabad,/hyderabad/solcito-the-leela-banjara-hills/info,https://b.zmtcdn.com/data/pictures/4/21611924/4cf51981c7b17c30f046f5b2068c5058_featured_v2.jpg
Globe Buffetio,4.2,1732.0,"South Indian, Asian, North Indian","40/41, 1st Floor, Tower C, Road 2, Financial District, Hyderabad",Hyderabad,/hyderabad/globe-buffetio-financial-district/info,https://b.zmtcdn.com/data/pictures/5/21018445/25fe42130d7e572997c3c41166c350b8_featured_v2.jpg
Murugan Kitchen,4.4,261.0,"South Indian, Biryani, Chinese","Door 1-74/DH/272, 272, Survey 52, Plot 25, Lumbini Avenue, Gachibowli, Hyderabad",Hyderabad,/hyderabad/murugan-kitchen-1-gachibowli/info,https://b.zmtcdn.com/data/pictures/1/22795581/5d6de1225886b9745fe47f3ec466fc45_o2_featured_v2.jpg
Chaitanya Food Court,4.3,194.0,"Andhra, South Indian, Biryani","MIG 25-26, Kukatpally Housing Board Colony, Circle P, 5th Phase, Hitech City Road, Near Malaysian Townshi, Kukatpally, Hyderabad",Hyderabad,/hyderabad/chaitanya-food-court-kukatpally/info,https://b.zmtcdn.com/data/pictures/9/93959/52243121b9bfe8bf9040c4aedd294e22_featured_v2.jpg
Lifafa Cafe & Bistro,4.3,2380.0,"Cafe, Chinese, Asian","588/1 2 1/2, H Square, Ground Floor, Survey Saraswathi Colony, Inner Ring Road, Uppal, Secunderabad",Hyderabad,/hyderabad/lifafa-cafe-bistro-1-uppal-secunderabad/info,https://b.zmtcdn.com/data/pictures/2/19963512/610fa0905c090d3e8382e5db0a49c49b_featured_v2.jpg
Meld Haus,4.2,1221.0,"Biryani, Indian, Chinese","Plot 172 & 173, Uppal Mandal, Uppal Bhagat, Circle 2, Nagole, Hyderabad",Hyderabad,/hyderabad/meld-haus-nagole/info,https://b.zmtcdn.com/data/pictures/4/22229504/3bff63f1d42801cd84632f910617e279_o2_featured_v2.jpg
Kaya Restaurant,4.3,31.0,"Biryani, South Indian","Survey 11/33, Gowthamanagar Khanamet Village, Serlingampally Circle 20, Serilingampally, Madhapur, Hyderabad",Hyderabad,/hyderabad/kaya-restaurant-madhapur/info,https://b.zmtcdn.com/data/pictures/9/22418369/fcf5aced4ba3eb8859d8dcfca8b6e428_o2_featured_v2.jpg
Koi & Co. Bar And Kitchen,4.4,3625.0,"North Indian, Chinese, Continental","5th Avenue, Sai Baba Officers Colony, Sainikpuri, Secunderabad",Hyderabad,/hyderabad/koi-co-bar-and-kitchen-sainikpuri-secunderabad/info,https://b.zmtcdn.com/data/pictures/4/21055784/ece712ca074d26fdac88d5a7407d2ee1_featured_v2.jpg
Cu2 Brewhouse,4.3,1822.0,"North Indian, Italian, Chinese","One Golden Mile, Golden Mile Road, Kokapet, Financial District, Hyderabad",Hyderabad,/hyderabad/cu2-brewhouse-financial-district/info,https://b.zmtcdn.com/data/pictures/0/20972280/59aae911cad49c49a20be98abc71b531_featured_v2.jpg
PUP - Paws Unleash Play,4.4,167.0,American,"Huda Enclave, Jubilee Hills, Hyderabad",Hyderabad,/hyderabad/pup-paws-unleash-play-jubilee-hills/info,https://b.zmtcdn.com/images/res_avatar_476_320_1x_new.png
Ohri's Gufaa,4.3,5616.0,"North Indian, Mughlai, Biryani","5-9-30/16-20, Opposite Old Gandhi Medical College, New MLA Quarters, Basheer Bagh, Hyderabad",Hyderabad,/hyderabad/ohris-gufaa-basheer-bagh/info,https://b.zmtcdn.com/data/pictures/0/91720/8cf7196e6fdb5648fb3f532e28ef68e2_featured_v2.jpg
Concu,4.4,429.0,"Cafe, Coffee, Continental","1-55/191/94 & 95, Unit 2, Ground Floor, Circle 20, Camelot Layout, Kondapur, Hyderabad",Hyderabad,/hyderabad/concu-kondapur/info,https://b.zmtcdn.com/data/pictures/chains/6/96776/66d0a5734364bb58f3df2ae754da8880_featured_v2.jpg
ASIE,4.3,2884.0,"Chinese, Sushi, Asian","The District, Myscape Road, Nanakramguda, Financial District, Hyderabad",Hyderabad,/hyderabad/asie-financial-district/info,https://b.zmtcdn.com/images/res_avatar_476_320_1x_new.png
Melange - The Golkonda Hotel,3.5,281.0,"North Indian, Continental, European","10-1-124, The Golkonda Hotel, Masab Tank, Hyderabad",Hyderabad,/hyderabad/melange-the-golkonda-hotel-masab-tank/info,https://b.zmtcdn.com/data/pictures/8/91678/7bb0007f70b84f1799b755ab3f9944c4_featured_v2.jpg
Amyra Cafe & Kitchen,4.1,194.0,"North Indian, Italian, Pizza","2nd Floor, Shiva Shakti Towers, Road 12, Amudi Nagar, Bhola Nagar, Banjara Hills, Hyderabad",Hyderabad,/hyderabad/amyra-cafe-kitchen-banjara-hills/info,https://b.zmtcdn.com/data/pictures/9/22309429/aef4bc39e8c88a695392e701d54aaca3_o2_featured_v2.jpg
Midori Cafe And Restaurant,3.9,275.0,"Cafe, Coffee, Continental","House 3-6-240, 5th Floor, Hari Om Arjuna Tower, Himayath Nagar, Hyderabad",Hyderabad,/hyderabad/midori-cafe-and-restaurant-himayath-nagar/info,https://b.zmtcdn.com/data/pictures/2/21968322/84a249d69a6ede10a82db542b03e6a09_featured_v2.jpg
Tevar-The Progressive Indian Kitchen & Bar,4.3,2174.0,"North Indian, Modern Indian, Desserts","Shop 3, Unit 2 Block, Gate 11, Salarpuria Sattva Argus, Hitech City, Hyderabad",Hyderabad,/hyderabad/tevar-the-progressive-indian-kitchen-bar-hitech-city/info,https://b.zmtcdn.com/data/pictures/2/20855232/bcf1649a73e86a55567256b6c5f1a6bd_o2_featured_v2.jpg
TG's - The Oriental Grill,4.9,355.0,"Oriental, Chinese, Asian","Road 2, Financial District, Nanakramguda, Gachibowli, Hyderabad",Hyderabad,/hyderabad/tgs-the-oriental-grill-gachibowli/info,https://b.zmtcdn.com/data/pictures/7/21261267/4b59d4d5b1dba13c93ce448c3278ca8f_featured_v2.jpg
Food Exchange - Novotel Hyderabad Convention Centre,4.1,1711.0,"North Indian, Asian, Italian","HICC Complex, Cyberabad Post Office, Hitech City, Hyderabad",Hyderabad,/hyderabad/food-exchange-novotel-hyderabad-convention-centre-hitech-city/info,https://b.zmtcdn.com/data/pictures/3/18880623/224fa5447ce4c8e408ae5665ca2120c6_featured_v2.jpg
Via NH5 Dhaba,4.0,475.0,"North Indian, Chinese","4th Floor, Phoenix Towers A, Hitech City, Hyderabad",Hyderabad,/hyderabad/via-nh5-dhaba-1-hitech-city/info,https://b.zmtcdn.com/data/pictures/8/22447218/2d7b37ab98407e43f6a6858589215ef1_o2_featured_v2.jpg
Aura Night Club,4.2,253.0,"Bar Food, South Indian, Seafood","Survey 11, Plot 323, 7th Floor, Excello Building, 100 Feet Road, Madhapur, Hyderabad",Hyderabad,/hyderabad/aura-night-club-madhapur/info,https://b.zmtcdn.com/data/pictures/9/22132179/470b58e07f82a0bf88e2acc6a2450f0a_featured_v2.jpg
Naad,4.2,173.0,"Bakery, Beverages, Coffee","GHMS 1/89/3/1, Survey 62P, Plot 1, R-Quad, Serilingampally, Inorbit Mall Road, Madhapur, Hyderabad",Hyderabad,/hyderabad/naad-madhapur/info,https://b.zmtcdn.com/data/pictures/2/22679122/633c8ca1931d6c1c8e48cc46c9fd90d5_o2_featured_v2.jpg
Betwen Us Cafe,4.4,229.0,"Cafe, Coffee, Continental","House 1-51/191/93, Plot 93, Circle 20, Kondapur, Hyderabad",Hyderabad,/hyderabad/betwen-us-cafe-kondapur/info,https://b.zmtcdn.com/data/pictures/2/22592552/6a0aa1f6109d734118811e1c633fb378_o2_featured_v2.jpg
Black Fuel Roastery,4.2,104.0,"Cafe, Coffee, Continental","114/A, Road Number 10, Sravanthi Nagar, ICRISAT Colony, Jubilee Hills, Hyderabad",Hyderabad,/hyderabad/black-fuel-roastery-jubilee-hills/info,https://b.zmtcdn.com/data/pictures/9/21067319/d6bc4e837981963e7aff93bdb979483d_featured_v2.jpg
Rayalaseema Ruchulu,4.2,16.0,"Andhra, South Indian, Chinese","22, HUDA Techno Enclave, Sector 1, Near Axis Bank, Hitech City, Hyderabad",Hyderabad,/hyderabad/rayalaseema-ruchulu-hitech-city/info,https://b.zmtcdn.com/data/pictures/8/94788/7dd966eb3660633f7aad6b0ad8488705_featured_v2.jpg
Alley 91 Bowling Bar,3.9,288.0,Chinese,"Unit 201 & 202, Survey 319, 2nd Floor, PNP Towers, Puppalaguda, Financial District, Hyderabad",Hyderabad,/hyderabad/alley-91-bowling-bar-financial-district/info,https://b.zmtcdn.com/data/pictures/2/21677562/42b5a59e76bae3733cbd59108ff3813c_featured_v2.jpg
Rumor Sky Lounge,4.3,334.0,"European, Thai, Kebab","5th Floor, Sreshta Marvel, Q Mart, Gachibowli, Whitefields, Hyderabad",Hyderabad,/hyderabad/rumor-sky-lounge-whitefields/info,https://b.zmtcdn.com/images/res_avatar_476_320_1x_new.png
The Punjabis Swag,4.5,6118.0,"North Indian, Mughlai","19, 4 Floor, Miyapur Road, Near Croma, Kondapur, Hyderabad",Hyderabad,/hyderabad/the-punjabis-swag-kondapur/info,https://b.zmtcdn.com/data/pictures/6/20772166/0087372643a6b6490d17173aea481a74_featured_v2.jpg
Namastae - The Indian Kitchen,4.3,441.0,"South Indian, Biryani, Chinese","Plot 501, Survey 11, Ayyappa Society, Chanda Naik Nagar, Near YSR Statue, 100 Feet Road, Madhapur, Hyderabad",Hyderabad,/hyderabad/namastae-the-indian-kitchen-madhapur/info,https://b.zmtcdn.com/data/pictures/8/21447438/6a4043bef063cc83d20236292777323c_featured_v2.jpg
Native Katha,3.9,1751.0,"North Indian, South Indian, Biryani","Plot 94, Sri Swamy Ayyappa Cooperative Housing Society, Circle 20, Madhapur, Hyderabad",Hyderabad,/hyderabad/native-katha-madhapur/info,https://b.zmtcdn.com/data/pictures/3/21252073/7cef163616aa464a4a87e9dbb0643caf_o2_featured_v2.jpg
Barkaas Indo Arabic restaurant,4.0,1691.0,"Arabic, North Indian, Shawarma","1-72/3/6/28A, Plot 25, 28, 4th Floor, Serlingampally Mandal, Circle 20, P Janardhan Reddy Nagar, Near Mindspace Road, Gachibowli, Hyderabad",Hyderabad,/hyderabad/barkaas-indo-arabic-restaurant-2-gachibowli/info,https://b.zmtcdn.com/data/pictures/3/22069323/4748e8aa39aacde5e7ddf70cc604f760_featured_v2.jpg
Etsi Cafe BakeHouse Chocolatier,3.8,1077.0,Cafe,"Plot 1196/B, Road 59, Jubilee Hills, Hyderabad",Hyderabad,/hyderabad/etsi-cafe-bakehouse-chocolatier-jubilee-hills/info,https://b.zmtcdn.com/data/pictures/3/21552903/adb33553c876ba2827c3b62cc41b39df_featured_v2.jpg
Chama Gaucha,3.9,453.0,"Continental, Tex-Mex, Brazilian","Radisson, Hitech City, Gachibowli, Hyderabad",Hyderabad,/hyderabad/chama-gaucha-gachibowli/info,https://b.zmtcdn.com/data/pictures/1/18375831/b705bb97d207e8ac68431ae77dee1bf6_featured_v2.jpg
Ta.Ma.Sha Veg Cafe Gunrock,4.4,881.0,"Cafe, Coffee, Korean","216, P & T Colony, Circle 29, Akbar Road, Karkhana, Secunderabad",Hyderabad,/hyderabad/ta-ma-sha-veg-cafe-gunrock-karkhana-secunderabad/info,https://b.zmtcdn.com/data/pictures/2/21984392/651e317ad7ae2fcb213b0cf913ba5b12_featured_v2.jpg
Samskruthi South Kitchen,4.3,1379.0,"South Indian, Biryani","House 2-17-89, 2nd Floor, Ektha Pearl, Serlingampally Circle 20, BP Raju Marg, Kondapur, Hyderabad",Hyderabad,/hyderabad/samskruthi-south-kitchen-kondapur/info,https://b.zmtcdn.com/data/pictures/5/21061895/32f4e09ad41d37adbd225a7c4900828e_featured_v2.jpg
Mamagoto,4.5,10.0,"Asian, Japanese, Thai","Survey 13, Ground Floor, Western Pearl Building, Kondapur, Hyderabad",Hyderabad,/hyderabad/mamagoto-kondapur/info,https://b.zmtcdn.com/data/pictures/1/18382171/6d52ac47b9a51db0dc96f19c8f820a41_featured_v2.jpg
The Funnel Hill Creamery,4.3,1348.0,"Pasta, Cafe, Pizza","Plot 1, Brundavan Colony, Ruby Block, Pochamma Gadda, Bolarum, Fairmount Square, Kompally, Hyderabad",Hyderabad,/hyderabad/the-funnel-hill-creamery-kompally/info,https://b.zmtcdn.com/data/pictures/3/21843993/3e6756a4ddec023a422476e5a6ac2d61_featured_v2.jpg
Levant,4.4,1666.0,"Armenian, Turkish, Lebanese","Plot 17, Door 8-2-277/17/1/2/3, UBI Colony, Road 3, Banjara Hills, Hyderabad",Hyderabad,/hyderabad/levant-banjara-hills/info,https://b.zmtcdn.com/data/pictures/6/18886656/b5510b1d41d833fc55bb9e13c009046a_featured_v2.jpg
Aroma Of Dakshin,4.1,858.0,"South Indian, Andhra, Kerala","Khajaguda - Nanakramguda Road, Above CROMA, Chaitanya Enclave, Nanakramguda, Hyderabad",Hyderabad,/hyderabad/aroma-of-dakshin-nanakramguda/info,https://b.zmtcdn.com/data/pictures/6/21137046/a8d73fc4b286ec256ec0b3646b44a504_featured_v2.jpg
Kadamba,4.5,111.0,"Bar Food, Coffee","3rd Floor, R Quad, Near Ncc Building, Doctor's Colony, Hitech City, Hyderabad",Hyderabad,/hyderabad/kadamba-hitech-city/info,https://b.zmtcdn.com/images/res_avatar_476_320_1x_new.png
California Burrito,4.4,18.0,"Mexican, American, Continental","Plot 115/1 &115/29, Ground Floor, Nanakramguda, Serlingampally Circle 20, Financial District, Hyderabad",Hyderabad,/hyderabad/california-burrito-financial-district/info,https://b.zmtcdn.com/data/pictures/chains/5/20404695/b172f7555b331aa8ec87b370fef05bd9_featured_v2.jpg
Raasta,3.4,655.0,"Andhra, North Indian, Asian","Parcel 4, Octave 3, Shop 214 Gf, Sattva Knowledge City, Sy 83/1, Raidurg, Panmaktha, Serlingampally Circle 20, Hitech City, Hyderabad",Hyderabad,/hyderabad/raasta-hitech-city/info,https://b.zmtcdn.com/data/pictures/3/20961923/534d5b41843cd5e57999c7926fbba2f7_featured_v2.jpg
The Spicy Venue,4.2,21.0,"Andhra, North Indian, Biryani","Door 8-2-293/82/A/265-S, Road 10, Jubilee Hills, Hyderabad",Hyderabad,/hyderabad/the-spicy-venue-jubilee-hills/info,https://b.zmtcdn.com/data/pictures/1/91531/98f07e906be91f09ac1f4c0803747ee1_featured_v2.jpg
Niloufer Chath,4.3,208.0,"North Indian, Chinese, Kebab","C-401/406, House 8-2-685/P/2/5 FP, 4th/Terrace Floor, Circle 17, Road 12, Banjara Hills, Hyderabad",Hyderabad,/hyderabad/niloufer-chath-banjara-hills/info,https://b.zmtcdn.com/data/pictures/1/22627221/b1ed8c263a2fede2c39dc1c755d78c7a_o2_featured_v2.jpg
Kissa Coffee house,3.9,186.0,"Cafe, Coffee, Continental","House 347, Road 22, Jubilee Hills, Hyderabad",Hyderabad,/hyderabad/kissa-coffee-house-jubilee-hills/info,https://b.zmtcdn.com/data/pictures/5/22460645/9607654c403b7d3ce66a07c777758ac0_o2_featured_v2.jpg
Pind To Plate,4.2,1854.0,"North Indian, Chinese, Salad","Plot 133 & 130, 5th Floor, Near Intune Showroom, Botanical Garden Road, Kondapur, Hyderabad",Hyderabad,/hyderabad/pind-to-plate-1-kondapur/info,https://b.zmtcdn.com/data/pictures/9/22023889/3332bc3f69e99bebd0183703eb9d2add_o2_featured_v2.jpg
Radaar Bar and Kitchen,4.3,102.0,"North Indian, Bar Food, Beverages","C2, Sainikpuri, Hyderabad, Secunderabad, Sainikpuri, Secunderabad",Hyderabad,/hyderabad/radaar-bar-and-kitchen-sainikpuri-secunderabad/info,https://b.zmtcdn.com/images/res_avatar_476_320_1x_new.png
Hibacci -North East Asian Kitchen,4.3,4612.0,"Asian, Momos, Korean","Road 7, 4th Floor, In House Furniture, Banjara Hills, Hyderabad",Hyderabad,/hyderabad/hibacci-north-east-asian-kitchen-4-banjara-hills/info,https://b.zmtcdn.com/data/pictures/1/20454041/23001cdfd317f99c2d86bc474b3b6e21_featured_v2.jpg
Little Italy,4.2,3339.0,"Italian, Pizza, Pasta","Shop 314 & 315, Survey 156, 3rd Floor, Raichandani Kokapet One, Narsingi, Gandipet, Hyderabad",Hyderabad,/hyderabad/little-italy-gandipet/info,https://b.zmtcdn.com/data/pictures/6/20590666/cb6bf79907b5a6209d15c5c728ceafad_featured_v2.jpg
Vanam South Indian Kitchen & Bar,4.1,3880.0,"South Indian, Andhra, Chettinad","Plot 644, Road 36, Near Metro Station, Madhapur, Aditya Enclave, Venkatagiri, Jubilee Hills, Hyderabad",Hyderabad,/hyderabad/vanam-south-indian-kitchen-bar-jubilee-hills/info,https://b.zmtcdn.com/data/pictures/3/21536513/29c16c833f6c08b3a5e316056165bae3_featured_v2.jpg
De Chocolatier,4.3,698.0,"Desserts, Burger, Pasta","Plot 3, 1st Floor, T.NGO's Colony, My Home Vihanga Road, Financial District, Hyderabad",Hyderabad,/hyderabad/de-chocolatier-financial-district/info,https://b.zmtcdn.com/data/pictures/6/22104346/81d2d78d6c4254abd9563f42596150e3_o2_featured_v2.jpg
Lemonridge Hotels,4.3,1077.0,"North Indian, Chinese, South Indian","Plot 27, Circle 25, Surya Nagar, Chintal, Quthbullapur, Jeedimetla, Hyderabad",Hyderabad,/hyderabad/lemonridge-hotels-jeedimetla/info,https://b.zmtcdn.com/data/pictures/8/21942368/feac988ec8b23d7951b10f3402d5e004_o2_featured_v2.jpg
Adbhutaaharam,4.1,729.0,"North Indian, South Indian, Mughlai","Survey 72/1, 2nd Floor, Sri Tirumala Hub, Raidurga Nava Kalsha, Manikonda, Hyderabad",Hyderabad,/hyderabad/adbhutaaharam-manikonda/info,https://b.zmtcdn.com/data/pictures/5/20981395/76a4c6ad844cb1729cf90e0e174baebc_featured_v2.jpg
Ironhill Cafe,4.3,5477.0,"Cafe, Beverages, Coffee","Plot 11 2, Sector 1, Near Pride Honda, Huda Techno Enclave, Madhapur, Telangana 500081, Madhapur, Hyderabad",Hyderabad,/hyderabad/ironhill-cafe-madhapur/info,https://b.zmtcdn.com/data/pictures/1/19161091/40c28b0a8ee1537c795cd7f8bb134202_featured_v2.jpg
Ara Telugu Kitchen,4.234118852459017,1991.6997950819673,"Snacks, North Indian, South Indian","2nd Floor, CBI Colony, Road 36, Near Bajaj Electronics, Jubilee Hills, Hyderabad",Hyderabad,/hyderabad/ara-telugu-kitchen-jubilee-hills/info,https://b.zmtcdn.com/data/pictures/5/22820945/5ea89de7-e207-4e13-a391-fb75a8e42419_o2_featured_v2.jpeg
Zindagi Sky Bar & Kitchen,4.2,1572.0,"North Indian, Chinese, Japanese","775/A, Near Magnolia Bakery, CBI Colony, Jubilee Hills, Hyderabad",Hyderabad,/hyderabad/zindagi-sky-bar-kitchen-jubilee-hills/info,https://b.zmtcdn.com/data/pictures/7/21039297/942551f6c9283fe8391cc0bd35020430_featured_v2.jpg
Cafe Amlin,4.234118852459017,1991.6997950819673,"Cafe, Continental, Italian","8-2-686/6/D/9/1, Anand Banjara Colony, Road 12, Banjara Hills, Hyderabad",Hyderabad,/hyderabad/cafe-amlin-1-banjara-hills/info,https://b.zmtcdn.com/data/pictures/3/19963263/37ca93228f026aa5321874cd39e68321_o2_featured_v2.jpg
Sri Balaji Prithviraj Family Dhaba,4.2,11.0,"Fast Food, North Indian, Chinese","3-4-760/5, Barkatpura, Near Barkatpura Signal, Narayanguda, Hyderabad",Hyderabad,/hyderabad/sri-balaji-prithviraj-family-dhaba-narayanguda/info,https://b.zmtcdn.com/data/pictures/3/19038503/797f556df55d94dabd97f02c985b193f_featured_v2.jpg
Kenny's Neighbourhood Bar,4.6,486.0,"Bar Food, Street Food, Chinese","The District, Myscape Road, Financial District, Hyderabad",Hyderabad,/hyderabad/kennys-neighbourhood-bar-financial-district/info,https://b.zmtcdn.com/data/pictures/9/22163739/d52f604e051ca65d61a858bbbfa4259a_featured_v2.jpg
Tu.Go. | Turpu Godavari,4.5,967.0,"South Indian, Chinese, Hyderabadi","Plot 281, House 8-2 V-1, Road 10c Jubilee hills hyderabad, 500033, Jubilee Hills Telangana, Jubilee Hills, Hyderabad",Hyderabad,/hyderabad/tu-go-turpu-godavari-jubilee-hills/info,https://b.zmtcdn.com/data/pictures/5/21468425/bcd0b617be59cbc30f7703659976106b_featured_v2.jpg
Palamuru Grill,4.1,10.0,"North Indian, BBQ, Andhra","2nd Floor, 11-13-196, 7/D, Satyam Shivam, Green Hills Colony, Saroornagar Village, Kothapet, Hyderabad",Hyderabad,/hyderabad/palamuru-grill-1-kothapet/info,https://b.zmtcdn.com/data/pictures/chains/8/93318/cb408bb6e46f5fda93656f2378773eeb_featured_v2.jpg
Cravery Cafe,4.3,2276.0,"Cafe, Coffee, North Indian","Unit L1-04, Frist Floor, Plot 43, Survey 322, Puppalaguda, Gandipet, Financial District, Hyderabad",Hyderabad,/hyderabad/cravery-cafe-financial-district/info,https://b.zmtcdn.com/data/pictures/7/21054057/a9d8220eb654f453943f7617753dbc27_featured_v2.jpg
Aakhol,4.234118852459017,1991.6997950819673,"Assamese, North Indian, Seafood","House 1-1/476, Ground Floor, Welfare Society, Main Road, Gandipet, Hyderabad",Hyderabad,/hyderabad/aakhol-gandipet/info,https://b.zmtcdn.com/data/pictures/3/22824243/d390b6a76898376ac94589c4f2bb9455_o2_featured_v2.jpg
The Hoppery,4.1,2191.0,"Continental, Pizza, Fast Food","Road 46, Inside Durgam Cheruvu, Jubilee Hills, Hyderabad",Hyderabad,/hyderabad/the-hoppery-jubilee-hills/info,https://b.zmtcdn.com/data/pictures/6/18505236/4de2e5bcab7bae7428f5e2a9f46fa716_featured_v2.jpg
Malnadu Kitchen,4.2,21.0,"North Indian, Chinese, Biryani","1st Floor, Ruby Block, Kompally Road, Near Srikara Hospital, Kompally, Hyderabad",Hyderabad,/hyderabad/malnadu-kitchen-kompally/info,https://b.zmtcdn.com/data/pictures/chains/3/18900073/f0ae68f68a37dd20cf5bd73a46aa52b6_featured_v2.jpg
Moyaaah!,4.4,2283.0,"Cafe, Burger, Fast Food","8-2-816/S/DC/A/101, Delta Seacon, 1st Floor, Road 11, Banjara Hills, Hyderabad",Hyderabad,/hyderabad/moyaaah-banjara-hills/info,https://b.zmtcdn.com/data/pictures/0/20763280/c30c4df2e1ecd2dc2e8f70ad5ab4e603_o2_featured_v2.jpg
Utsavam Kitchen & Bar,4.234118852459017,1991.6997950819673,"South Indian, Continental","5th Floor, Gsm Mall, ICRISAT Colony, Madeenaguda, Hafeezpet, Hyderabad",Hyderabad,/hyderabad/utsavam-kitchen-bar-hafeezpet/info,https://b.zmtcdn.com/images/res_avatar_476_320_1x_new.png
Lazeez Affaire,4.3,605.0,North Indian,"8-2-293/82/A/1028, Circle 18, Road 45, Jubilee Hills, Hyderabad",Hyderabad,/hyderabad/lazeez-affaire-jubilee-hills/info,https://b.zmtcdn.com/data/pictures/5/21877945/48c1458fc4a1543e8e1deeb9a828dc24_featured_v2.jpg
AM AHA Telugu Kitchen & Banquet,4.1,168.0,"South Indian, Andhra, North Indian","3rd Floor, Tapadia Maruti Infinity Mall, Gangaram, Engineers Enclave, Chanda Nagar, Hyderabad",Hyderabad,/hyderabad/am-aha-telugu-kitchen-banquet-chanda-nagar/info,https://b.zmtcdn.com/data/pictures/9/22812419/23082471-1409-47ea-bda0-514ae53d64dd_o2_featured_v2.png
Coastal Canteen,4.234118852459017,1991.6997950819673,"North Indian, Chinese, Mughlai","4th Floor, Nexus Mall, Kukatpally Housing Board Colony, K P H B Phase 9, Telangana, Kukatpally, Hyderabad",Hyderabad,/hyderabad/coastal-canteen-kukatpally/info,https://b.zmtcdn.com/data/pictures/4/22831864/aa1537523b7fb57dc57d9fbea3270262_o2_featured_v2.jpg
Lillies - The Boho Cafe,3.7,264.0,"Beverages, Pizza, Pasta","Plot 51 & 52, B N Reddy Colony, Chhatwal Homes, Nandi Hills, Raidurg, Serlingampally Circle 20, Jubilee Hills, Hyderabad",Hyderabad,/hyderabad/lillies-the-boho-cafe-jubilee-hills/info,https://b.zmtcdn.com/data/pictures/9/20769569/a68796335508c5940acb48693ed59699_featured_v2.jpg
Namchi - Fusion Of Taste Buds,4.2,377.0,"North Indian, Chinese, Momos","Shop 402, Raichandani Capital, Circle 18, Jubilee Hills, Banjara Hills, Hyderabad",Hyderabad,/hyderabad/namchi-fusion-of-taste-buds-banjara-hills/info,https://b.zmtcdn.com/data/pictures/4/20971934/27f5e839d96a4c1da60b761604f57348_featured_v2.jpg
Minyu - The Asian Affair,4.3,12.0,"Chinese, Seafood, Desserts","Flat 101, Plot 576, Metropole Apartments, Cyber Hills Colony, VIP Hills, Jaihind Enclave, Image Garden Road, Madhapur, Hyderabad",Hyderabad,/hyderabad/minyu-the-asian-affair-madhapur/info,https://b.zmtcdn.com/data/pictures/6/20321706/feb077452d1e12816fe863eaaf1f2141_featured_v2.jpg
Itlu,4.3,3354.0,"South Indian, Andhra, Biryani","Masthan Nagar, CBI Colony, Cable Bridge Road, Jubilee Hills Hyderabad",Hyderabad,/hyderabad/itlu-3-jubilee-hills/info,https://b.zmtcdn.com/data/pictures/4/20876424/a27a88be7b029cdc0e47ebe13522c67b_featured_v2.jpg
Vajra Indo - Chinese Fooderia,4.2,5538.0,"Chinese, Fast Food, Beverages","House 11-13-874/6, Green Hills Colony, Road 3, Kothapet, Hyderabad",Hyderabad,/hyderabad/vajra-indo-chinese-fooderia-kothapet/info,https://b.zmtcdn.com/data/pictures/8/20573278/d6b53b05b7ec67ae67ee97467b52e030_featured_v2.jpg
Tatva,4.3,1249.0,"North Indian, Chinese, Salad","157, 159 & 160, Plot 1 & 2, 1st Floor, Kokapet Village, Kokapet, Hyderabad",Hyderabad,/hyderabad/tatva-kokapet/info,https://b.zmtcdn.com/data/pictures/chains/3/18385313/71bb0b5451084e028caba3bc33153bb0_featured_v2.jpg
Rasavihaar,4.234118852459017,1991.6997950819673,"South Indian, Andhra, Kerala","1st Floor, Myscape Road, Financial District, Hyderabad",Hyderabad,/hyderabad/rasavihaar-financial-district/info,https://b.zmtcdn.com/images/res_avatar_476_320_1x_new.png
Fireback,4.234118852459017,1991.6997950819673,"North Indian, Chinese, South Indian","Ground Floor, THE LOFT, Silpa Gram Craft Village, HITEC City, Hyderabad, Telangana 500032, Hitech City, Hyderabad",Hyderabad,/hyderabad/fireback-hitech-city/info,https://b.zmtcdn.com/images/res_avatar_476_320_1x_new.png
Always Sunday,4.2,726.0,"Coffee, Desserts, Healthy Food","Ground Floor, Acess Towers, Plot No. 17, Road No 2, Khajaguda Road, Raidurg, Telangana, Hyderabad, Manikonda, Hyderabad",Hyderabad,/hyderabad/always-sunday-manikonda/info,https://b.zmtcdn.com/data/pictures/3/22504783/824e2a60b742590cd50b2c7cc737c800_o2_featured_v2.jpg
Coalspark Restaurant,4.3,6700.0,"Mandi, Arabic, Chinese","1-60/30/34/136, Khan SD Building, Anjaiah Nagar, Serlingampally, Gachibowli, Hyderabad",Hyderabad,/hyderabad/coalspark-restaurant-gachibowli/info,https://b.zmtcdn.com/data/pictures/1/20296421/65174cc47a15a52daad3420fc75fe51b_o2_featured_v2.jpg
Gudgudee - Tickle Your Tastebuds,4.5,2946.0,"Continental, Chinese, North Indian","Pillar 1736, 4th floor, Sunrise Developers, Near Fortune Towers, Madhapur, Hyderabad",Hyderabad,/hyderabad/gudgudee-tickle-your-tastebuds-madhapur/info,https://b.zmtcdn.com/data/pictures/6/19249746/b92493f5b6cea8f49af2b2b92b88204a_featured_v2.jpg
Yummy Bee,4.3,4225.0,"Cafe, Pizza, Sandwich","Plot 371, 18, Road 24, Circle, Jubilee Hills, Hyderabad",Hyderabad,/hyderabad/yummy-bee-jubilee-hills/info,https://b.zmtcdn.com/data/pictures/9/20597399/871b95348ca8a681ac983cb27ddf656c_featured_v2.jpg
Jaaju Kitchen & Bar,4.2,5244.0,"South Indian, Hyderabadi, Andhra","Survey 10, 1st Floor, Block-1, Satyanarayana Enclave, Madinaguda, Miyapur, Hyderabad",Hyderabad,/hyderabad/jaaju-kitchen-bar-miyapur/info,https://b.zmtcdn.com/data/pictures/5/21441065/63321eeb10ff939afb53b91c00a0605b_featured_v2.jpg
Antervedi Telugu Kitchen and Bar,4.1,1503.0,South Indian,"5th Floor, Sarath City Capital Mall, Kondapur, Whitefields, Hyderabad",Hyderabad,/hyderabad/antervedi-telugu-kitchen-and-bar-whitefields/info,https://b.zmtcdn.com/data/pictures/5/21438115/eba54343425db7c3988e6619f0fa1b5c_featured_v2.jpg
Tosh E Daan,4.4,4278.0,"North Indian, Kebab, Biryani","1-61/SO/202, 1st Floor, Oak Plaza, Khajaguda - Nanakramguda Road, Gachibowli, Hyderabad",Hyderabad,/hyderabad/tosh-e-daan-gachibowli/info,https://b.zmtcdn.com/data/pictures/6/20419626/49829d309af91fa335620ba6b8ae80ca_featured_v2.jpg
Makobrew Cafe & Restaurant,4.2,1081.0,"Cafe, Continental, Italian","Road 44, Sri Peddamma Thalli Temple, CBI Colony, Jubilee Hills, Hyderabad",Hyderabad,/hyderabad/makobrew-cafe-restaurant-jubilee-hills/info,https://b.zmtcdn.com/data/pictures/2/19258392/7615fa02953f437f9963c126707eee88_featured_v2.jpg
Ahwana Bar & Kitchen,4.3,1187.0,"Bar Food, South Indian, Chinese","Near Vijetha Super Market, Kokapet, Hyderabad",Hyderabad,/hyderabad/ahwana-bar-kitchen-kokapet/info,https://b.zmtcdn.com/data/pictures/1/21984181/15c9c46229a356c77745053b065e5af4_featured_v2.jpg
Amara - Trident Hyderabad,4.4,1046.0,"Mediterranean, Asian, European","Survey 64, Main Road, Madhapur, Hitech City, Hyderabad",Hyderabad,/hyderabad/amara-trident-hyderabad-hitech-city/info,https://b.zmtcdn.com/data/pictures/3/93583/b59c4dfbb27187f26b330adb19d2234d_featured_v2.jpg
Zega - Sheraton Hyderabad Hotel,4.5,1615.0,"Chinese, Asian, Sushi","115/1, 10th Floor, Nanakramguda, ISB Road, Financial District, Hyderabad",Hyderabad,/hyderabad/zega-sheraton-hyderabad-hotel-financial-district/info,https://b.zmtcdn.com/data/pictures/8/18527848/e46c7c1f4e8e6254eb1e4becfe2954dd_featured_v2.jpg
Miraaya - Rayalseema Kitchen By PH,3.3,43.0,"Kerala, Snacks, Andhra","Survey 11/33, Plot 89, Circle 21, Khanamet, Ayyappa Society Road, Madhapur, Hyderabad",Hyderabad,/hyderabad/miraaya-rayalseema-kitchen-by-ph-madhapur/info,https://b.zmtcdn.com/data/pictures/5/22815835/b1953891de15ee8776e0918d44f5c054_o2_featured_v2.jpg
Ca Phe Bistro,4.5,124.0,"Coffee, Cafe, Desserts","4, Serlingampally, Circle 20, Sri Lakshmi Road, Nanakramguda, Hyderabad",Hyderabad,/hyderabad/ca-phe-bistro-nanakramguda/info,https://b.zmtcdn.com/data/pictures/6/22573156/d9e0c7433ae79d8dee7b5d6b029c62cc_o2_featured_v2.jpg
Rayalaseema Spice,4.4,2393.0,"Andhra, South Indian, North Indian","Survey 71/77, Plot 111-B/500-B/112-B/499-B, 2nd Floor, Raghavendra Colony, Serlingampally Circle 20, Kondapur, Hyderabad",Hyderabad,/hyderabad/rayalaseema-spice-kondapur/info,https://b.zmtcdn.com/data/pictures/3/21685153/931b01994324ab3a7bfa3b6818fd611d_o2_featured_v2.jpg
WOW! China,3.9,3413.0,"Chinese, Asian, Fast Food","Shop-9, 3rd Floor, GVK One Mall, Banjara Hills, Hyderabad",Hyderabad,/hyderabad/wow-china-banjara-hills/info,https://b.zmtcdn.com/data/pictures/5/19590495/b12ba6f9ba50d7ee3fc31ed4dfffc30e_featured_v2.jpg
Katha,4.4,1300.0,"Cafe, Coffee, Fast Food","House 8-2-0351, Road 3, Green Valley, Banjara Hills, Hyderabad",Hyderabad,/hyderabad/katha-banjara-hills/info,https://b.zmtcdn.com/data/pictures/4/20703634/86926bf4cf42c685e5d11c7c130acf52_featured_v2.jpg
10 Downing Street,4.0,5700.0,"Chinese, North Indian, Continental","10th Floor,  SLN Terminus Mall, Gachibowli, Hyderabad",Hyderabad,/hyderabad/10-downing-street-gachibowli/info,https://b.zmtcdn.com/data/pictures/6/18313026/608a294e03cca221a045db5562877728_featured_v2.jpg
Switch Coffee,3.2,17.0,"Coffee, Cafe, Pizza","Plot 65, Near Cyber Towers Flyover, Surya Enclave, Madhapur, Hyderabad",Hyderabad,/hyderabad/switch-coffee-madhapur/info,https://b.zmtcdn.com/images/res_avatar_476_320_1x_new.png
The Night Bird,4.3,926.0,"Cafe, North Indian, Chinese","4th & 5th Floor, Hanuman Nagar, Near Amplio Business Centre, Hitex Road, Kothaguda, Hyderabad",Hyderabad,/hyderabad/the-night-bird-kothaguda/info,https://b.zmtcdn.com/data/pictures/3/20381073/e1ae68be708c0aa0439844631a140a5d_featured_v2.jpg
Kaapiya,4.4,64.0,"Continental, Burger, Healthy Food","Survey 337, Plot 16, Ground Floor, Finacial Hub, Rangareddy, Near Rajapushpa Eterna, Nanakramguda, Hyderabad",Hyderabad,/hyderabad/kaapiya-nanakramguda/info,https://b.zmtcdn.com/data/pictures/9/22076209/5dff12c276341bbfc742e1d001aeac8f_o2_featured_v2.jpg
Norfest - The Dhaba,4.3,24.0,"North Indian, Chinese, Kebab","Second Floor, SLN Terminus Mall, Near Botanical Gardens, Jayabheri Enclave, Miyapur Road, Gachibowli, Hyderabad",Hyderabad,/hyderabad/norfest-the-dhaba-gachibowli/info,https://b.zmtcdn.com/data/pictures/9/18252169/524ef7e498cc51b059a26956ca607f33_o2_featured_v2.jpg
Hotel Indu Deluxe,4.2,72.0,"Biryani, South Indian, Andhra","8-2, Ground Floor, BNR Colony, Road 14, Opposite Banjara Hills, Hyderabad",Hyderabad,/hyderabad/hotel-indu-deluxe-banjara-hills/info,https://b.zmtcdn.com/data/pictures/0/22669440/c1e344c0-e189-4dd3-869a-fed921be8cb4_o2_featured_v2.png
Mumbai Masalaa,4.2,1574.0,"North Indian, Chinese, Continental","3-4-558/B, First Floor, Narayanguda, Hyderabad",Hyderabad,/hyderabad/mumbai-masalaa-narayanguda/info,https://b.zmtcdn.com/data/pictures/3/19558643/9285d1e4e071c603549af4800d099479_o2_featured_v2.jpg
DASHAMI KITCHEN AND BAR,4.3,170.0,"Chinese, South Indian, Biryani","Power Welfare Society, Gandipet Main Road, Manchirevula, Kokapet, Hyderabad, Gandipet, Hyderabad",Hyderabad,/hyderabad/dashami-kitchen-and-bar-gandipet/info,https://b.zmtcdn.com/data/pictures/5/21539505/25f6f5badb489ef966450261ab89c20d_featured_v2.jpg
Illu The Restaurant,4.6,2097.0,"South Indian, Biryani, Andhra","Door No. 8-2-293/82/A/775/D, 8-2-293/82/ A/775/D/1, Road No.45, Jubilee Hills, Hyderabad, Jubilee Hills Circle No 18, Telangana",Hyderabad,/hyderabad/illu-the-restaurant-jubilee-hills/info,https://b.zmtcdn.com/data/pictures/6/21931666/ad7e982edd9f0ba708cc0192ba15d0f5_featured_v2.jpg
Nommè kitchen & Coffee theatre,4.5,631.0,"Mediterranean, Chinese, Italian","Plot 89, 90, Road 2, Park View Enclave, Banjara Hills, Hyderabad",Hyderabad,/hyderabad/nommè-kitchen-coffee-theatre-banjara-hills/info,https://b.zmtcdn.com/data/pictures/9/22229389/ac1ed494-3fce-4871-9e58-8e6bd5fa710e_o2_featured_v2.png
Butterfly High,4.3,324.0,"North Indian, Chinese, Mughlai","8 & 9, A Wing, Tower 2, Sattva Knowledge Park, Pan Maktha Village, Raidurg, Hitech City, Hyderabad",Hyderabad,/hyderabad/butterfly-high-1-hitech-city/info,https://b.zmtcdn.com/data/pictures/9/21962699/87d735ae44cc4fc7adbdd715ec0ed5f0_featured_v2.jpg
Kisscoff Cafe,3.8,121.0,"Cafe, Fast Food, Pasta","13 Road 82, Giani Zail Singh Nagar, Film Nagar, Hyderabad",Hyderabad,/hyderabad/kisscoff-cafe-film-nagar/info,https://b.zmtcdn.com/data/pictures/1/21873341/ae3df6ddfdf998cc6dff1f16793d69e7_featured_v2.jpg
Pariwar Dhaba,3.4,1970.0,"Biryani, Mandi, Chinese","Door 9-4-77/3/B, Rethi Bowli Road, t.S, Jubilee Hills Circle 18, Tolichowki, Hyderabad",Hyderabad,/hyderabad/pariwar-dhaba-tolichowki/info,https://b.zmtcdn.com/data/pictures/3/21399493/29f4cf60ccfd5eebb2371139bb157a6d_featured_v2.jpg
Amaravathi Family Restaurant,4.1,9809.0,"North Indian, Chinese, Andhra","Plot 11, Chintalkunta Road, Sriram Nagar, Dharmapuri, L. B. Nagar, Hyderabad",Hyderabad,/hyderabad/amaravathi-family-restaurant-l-b-nagar/info,https://b.zmtcdn.com/data/pictures/7/19829827/fe4b3d0b8020bf3e717547c8ad92179c_featured_v2.jpg
Bharateeyam The Indian Cuisine,4.0,575.0,"South Indian, Biryani","15-31/S2/MM, Survey 1050, 4th Floor, Lulu International Malls, Kukatpally, Hyderabad",Hyderabad,/hyderabad/bharateeyam-the-indian-cuisine-kukatpally/info,https://b.zmtcdn.com/data/pictures/7/21203347/32dcdef5f213537139a2e49877793ad8_featured_v2.jpg
Asian Barbeque Holic,4.2,66.0,"Asian, Desserts, Beverages","3rd Floor, Sahiti Sudha Square, Hanuman Nagar, Shipla Hills, Kondapur, Kothaguda, Hyderabad",Hyderabad,/hyderabad/asian-barbeque-holic-kothaguda/info,https://b.zmtcdn.com/images/res_avatar_476_320_1x_new.png
Temple Tree,4.5,952.0,"North Indian, Biryani, Chinese","Plot 36, Sanjeevaiah Nagar Colony, Circle 29, Chandulal Baradari, Sikh Village, Tarbund Cross Road, Bowenpally, Secunderabad",Hyderabad,/hyderabad/temple-tree-bowenpally-secunderabad/info,https://b.zmtcdn.com/data/pictures/8/21477918/4c248f93c8fc1118c71e265edec29536_featured_v2.jpg
Tollywood Mandi,4.1,288.0,"Mandi, Arabic, Mughlai","7-1-397/126, B-92, Circle 17, Migh, S R Nagar, Hyderabad",Hyderabad,/hyderabad/tollywood-mandi-s-r-nagar/info,https://b.zmtcdn.com/data/pictures/3/22593123/cf136a1eeea0544a141ed85d725ed474_o2_featured_v2.jpg
WOW! Momo,4.0,5488.0,"Momos, Chinese, Fast Food","Plot 38/39P/40/41/42, Unit 15, Ground Floor, Sarath City Mall, Kothaguda, Hyderabad",Hyderabad,/hyderabad/wow-momo-kothaguda/info,https://b.zmtcdn.com/data/pictures/4/19499124/b4370005a8d68de562cd25ecb5678e0a_featured_v2.jpg
Vero Caffe,4.234118852459017,1991.6997950819673,"Cafe, Continental, Coffee","Plot 36, Himayat Sagar Road, Himayath Nagar, Hyderabad",Hyderabad,/hyderabad/vero-caffe-himayath-nagar/info,https://b.zmtcdn.com/images/res_avatar_476_320_1x_new.png
Pikadilli,4.3,333.0,"North Indian, Street Food","House 1-73/40/34/1 And 1-73/40/34/2, Plot 34/1, Manikonda, Hyderabad",Hyderabad,/hyderabad/pikadilli-4-manikonda/info,https://b.zmtcdn.com/data/pictures/5/22733905/0da2d685294a1a7c2e7cc83191010161_o2_featured_v2.jpg
Paradise Biryani - A Legend Since 1953,4.3,77.0,"Biryani, Kebab, North Indian","Plot 22-23, Vinayaknagar Gachibowli, Hyderabad",Hyderabad,/hyderabad/paradise-biryani-a-legend-since-1953-gachibowli/info,https://b.zmtcdn.com/data/pictures/2/18138652/985db601ddf87cc6f74302ed11c3c8c5_featured_v2.jpg
Gabru Di Chaap,4.1,5655.0,"Street Food, North Indian, Wraps","1-66, Flat 202, Abhinandana Pride Apartment, Veterinary Colony, Serlingampally Circle 20, Sarath City Capital Mall, Kothaguda, Hyderabad",Hyderabad,/hyderabad/gabru-di-chaap-kothaguda/info,https://b.zmtcdn.com/data/pictures/5/19020955/8499ab6cf34bbb6b5f8e8c9b0d7c4066_featured_v2.jpg
Theobroma,4.0,5260.0,"Bakery, Desserts, Fast Food","Divyasree Techridge, Lanco Hills, Survery 201, Ranga Reddy District, Manikonda, Hyderabad",Hyderabad,/hyderabad/theobroma-manikonda/info,https://b.zmtcdn.com/data/pictures/chains/1/19553371/76e63dd40d8155c419cb38c901f59f8e_featured_v2.jpg
Chinese Wok,4.1,1763.0,"Chinese, Momos","Unit FC-09, Survey 373/1/3, 2nd Floor, AMR Planet, ECIL, Secunderabad",Hyderabad,/hyderabad/chinese-wok-ecil-secunderabad/info,https://b.zmtcdn.com/data/pictures/chains/4/20125394/7c9fe2b6a8ae9d14736d68d1f11e18be_featured_v2.jpg
Heart Cup Coffee,4.1,2726.0,"Asian, North Indian, Sushi","2-56, Survey 122-123-124-127, Circle 12, Venkatadri Fuel Point, Old Mumbai Highway, Next To Hp Petrol Pump, Mouryas Ranga Prasad Avenue, Indira Nagar, Seriligampally, Gachibowli, Hyderabad",Hyderabad,/hyderabad/heart-cup-coffee-gachibowli/info,https://b.zmtcdn.com/data/pictures/6/19533956/e261b397a5a79a844cad9a6c90fb07b3_featured_v2.jpg
Café Reed by QUORUM,4.7,283.0,"Cafe, American, Asian","5th and 6th Floor, Plot 2, Elixir Parcel 4, Survey 83/1, Sattva Knowledge City, Serilingampally Mandal, Hitech City, Hyderabad",Hyderabad,/hyderabad/café-reed-by-quorum-hitech-city/info,https://b.zmtcdn.com/data/pictures/1/21984131/909bd375d726c7303ae41df7a2e9ddc4_featured_v2.jpg
Imli Sarai,4.2,817.0,"Cafe, Coffee, Italian","8-2-590, Road 10, opposite Bulchand Trading Pvt Ltd, Opposite Taj Krishna, Banjara Hills, Hyderabad",Hyderabad,/hyderabad/imli-sarai-banjara-hills/info,https://b.zmtcdn.com/data/pictures/4/20630344/bceb0b42a1e4a35f99e7c8d6a567bed1_featured_v2.jpg
Lili Cantonese Kitchen,4.2,51.0,"Cantonese, Beverages, Asian","Plot 1069, Road 45, Jubilee Hills, Hyderabad",Hyderabad,/hyderabad/lili-cantonese-kitchen-jubilee-hills/info,https://b.zmtcdn.com/images/res_avatar_476_320_1x_new.png
O'Rica - Tropical Kitchen,4.4,2474.0,"Continental, North Indian, Asian","1-5-1115/646, Panchsheel Enclave, Lane 24, Medchal Road, Hyderabad",Hyderabad,/hyderabad/orica-tropical-kitchen-medchal-road/info,https://b.zmtcdn.com/data/pictures/3/20357203/215afe6e08e33d3448c29899be463112_featured_v2.jpg
Nord Speciality Coffee,4.5,52.0,"Coffee, Continental, Cafe","Venkateshwara Nagar, Kondapur, Serilingampally, Hafeezpet, Hyderabad",Hyderabad,/hyderabad/nord-speciality-coffee-hafeezpet/info,https://b.zmtcdn.com/images/res_avatar_476_320_1x_new.png
Girlfriend Mandi,4.1,371.0,"Mandi, Arabic","High Tech, H 1, 98/16/8, Hitech City, Main Road, Sri Sai Nagar, Madhapur, Hyderabad",Hyderabad,/hyderabad/girlfriend-mandi-madhapur/info,https://b.zmtcdn.com/data/pictures/7/22582277/18021864211defc08b71fe957f868e2f_o2_featured_v2.jpg
By The Bay,4.2,2757.0,"Finger Food, Pizza, Continental","Eat Street, By The Bay, PV Narasimha Rao Marg, Near Water front Hussain Sagar, Necklace Road, Hyderabad",Hyderabad,/hyderabad/by-the-bay-necklace-road/info,https://b.zmtcdn.com/data/pictures/4/18678114/fb99fe1028f0511794b7e3e39a157014_featured_v2.jpg
Smoke Shack,4.3,1408.0,"Burger, Fast Food, Grilled Chicken","House 8-2-309/7/3, Survey 129/81, Plot 299, Block 3, Circle 18, Ward 10, Road 14, Banjara Hills, Hyderabad",Hyderabad,/hyderabad/smoke-shack-banjara-hills/info,https://b.zmtcdn.com/data/pictures/1/21540291/0f77d8614b93af893c89a6ad06786e22_o2_featured_v2.jpg
Viyyalavari Kitchen,4.1,3265.0,"Biryani, Chinese, Mughlai","Survey 8, Vaishnavi Onyx 2, Narsimhapuri Colony, Hayat Nagar, L B Nagar, Hyderabad",Hyderabad,/hyderabad/viyyalavari-kitchen-l-b-nagar/info,https://b.zmtcdn.com/data/pictures/2/20428662/2ebef0e6e2b6945692a355abd7e4d2e6_featured_v2.jpg
Ala The Terrace Lounge,4.2,1360.0,"Chinese, Kebab, Biryani","3, 8, 9, 5th floor, Kompally, Hyderabad",Hyderabad,/hyderabad/ala-the-terrace-lounge-kompally/info,https://b.zmtcdn.com/data/pictures/7/19337867/4078eefff95c1f4ab378806967bdf202_o2_featured_v2.jpg
Haiku,4.6,6547.0,"Oriental, Chinese, Sushi","Ramky Grandoise, P. Janardhan Reddy Nagar, Gachibowli, Opposite Rolling Hills, Near RAMKY Towers, Hyderabad, Gachibowli, Hyderabad",Hyderabad,/hyderabad/haiku-gachibowli/info,https://b.zmtcdn.com/data/pictures/7/19218007/7311628122d62024d77e2f64818affdd_featured_v2.jpg
Rajdhani,4.1,616.0,"Rajasthani, Gujarati","5-5-36/1/A, Lakeshore Mall, Unit L4-17 & 17A, 4th Level ( 5th Floor ), Kukatpally Circle No 24 Moosapet, Hyderabad",Hyderabad,/hyderabad/rajdhani-moosapet/info,https://b.zmtcdn.com/data/pictures/2/22401282/40db7fbf3dcccc01bedb26c5a9efd312_o2_featured_v2.jpg
McDonald's,3.7,150.0,"Burger, Beverages","3rd Floor, Nexus Mall, Phase 6, Kukatpally, Hyderabad",Hyderabad,/hyderabad/mcdonalds-2-kukatpally/info,https://b.zmtcdn.com/data/pictures/chains/2/97262/b0975f56ea55a72e004d5224a5d5e3b3_featured_v2.jpg
Ouvra Telugu Kitchen,4.2,694.0,"South Indian, North Indian","Plot 7, Tanvi Towers, Durgam Cheruvu Road, Doctor's Colony, Madhapur, Hyderabad",Hyderabad,/hyderabad/ouvra-telugu-kitchen-madhapur/info,https://b.zmtcdn.com/data/pictures/0/20958120/77868f57faf4ad4ff43e05f5e970e695_featured_v2.jpg
Tabla Multicuisine Restaurant,4.4,74.0,"Andhra, Hyderabadi, North Indian","2nd Floor, TSHB Commercial Complex, Near Shiva Parvati Theatre, Opposite Metro Pillar 730, Kukatpally Housing Board Colony, Hmt Sathavahana Nagar, Kukatpally, Hyderabad",Hyderabad,/hyderabad/tabla-multicuisine-restaurant-kukatpally/info,https://b.zmtcdn.com/images/res_avatar_476_320_1x_new.png
Aster Cafe & Kitchen,4.1,1265.0,"Chinese, Indo-Chinese, North Indian","8-2-686/6/D/9/1, Circle 18, Road 12, Jubilee Hills, Hyderabad",Hyderabad,/hyderabad/aster-cafe-kitchen-jubilee-hills/info,https://b.zmtcdn.com/data/pictures/0/21089460/606a2521d0fe0fd5eb07050576b4d4ea_featured_v2.jpg
Flavours Of Andhra,4.1,304.0,"Andhra, North Indian, Chinese","Upper Ground Floor, Opposite Jayabheri Silicon County, Whitefields, Hyderabad",Hyderabad,/hyderabad/flavours-of-andhra-whitefields/info,https://b.zmtcdn.com/data/pictures/9/22597019/646c94c94c08d4870d4b8154544daf73_o2_featured_v2.jpg
Itlu - A Veg Diner,4.4,638.0,"South Indian, Desserts, Beverages","Financial District, Nanakramguda, Hyderabad",Hyderabad,/hyderabad/itlu-a-veg-diner-nanakramguda/info,https://b.zmtcdn.com/images/res_avatar_476_320_1x_new.png
Prezmo,4.4,1953.0,"Cafe, Coffee, Pizza","Shop 101, Ground Floor, Raichandani Square, Golden Mile Road, Gandipet, Hyderabad",Hyderabad,/hyderabad/prezmo-gandipet/info,https://b.zmtcdn.com/data/pictures/7/21055907/c97b93ccb0977f3e913ef20b70784450_featured_v2.jpg
A'la Liberty,4.2,6253.0,"North Indian, Continental, Asian","2nd Floor, Leela Gopal Towers, Road 12, Near Century Hospital, Banjara Hills, Hyderabad",Hyderabad,/hyderabad/ala-liberty-banjara-hills/info,https://b.zmtcdn.com/data/pictures/7/91987/cc9765dc92d5635fe08e25e5be7f5cfa_featured_v2.jpg
Komatose,3.5,2599.0,"North Indian, Chinese, Japanese","Survey 24/1, 27/2, 27/3, 27/4, Nanakramguda, Financial District, Hyderabad",Hyderabad,/hyderabad/komatose-financial-district/info,https://b.zmtcdn.com/data/pictures/8/96748/4e228287d0b7c128d736994e699fe97f_featured_v2.jpg
Teluguness Restaurant,3.8,52.0,"Andhra, North Indian, Mughlai","13/1/11, 1-90/13/103/NR, Survey 64, Plot 13, Huda Techno Enclave, Circle 20, Sector II, Hitech City, Hyderabad",Hyderabad,/hyderabad/teluguness-restaurant-hitech-city/info,https://b.zmtcdn.com/data/pictures/chains/0/18780690/7ed52e4679eeb5a438633ec651e0edee_featured_v2.jpg
Mirell Restaurant,4.5,458.0,"North Indian, Asian, Desserts","Plot 51/52, Ground Floor, Chhatwals building, BN Reddy Colony, Rai Durg, BNR Hills, Jubilee Hills, Hyderabad",Hyderabad,/hyderabad/mirell-restaurant-1-jubilee-hills/info,https://b.zmtcdn.com/data/pictures/3/21728243/a884452fb889d1e20bea8874a43d5f67_featured_v2.jpg
Krishnas Kitchen,4.4,2589.0,"Chinese, Andhra, North Indian","Door 1-62/2/140, Kavuri Hills, Guttala Begumpet, Madhapur, Hyderabad",Hyderabad,/hyderabad/krishnas-kitchen-2-madhapur/info,https://b.zmtcdn.com/data/pictures/1/19743291/2f12f58df7ecf836d0fd498eeb7a324b_featured_v2.jpg
Insomnia,4.2,145.0,"North Indian, Italian, Finger Food","757, Khajaguda, Nanakramguda, Hyderabad",Hyderabad,/hyderabad/insomnia-nanakramguda/info,https://b.zmtcdn.com/images/res_avatar_476_320_1x_new.png
Alley Pally Cafe,4.1,50.0,"Pizza, Cafe, American","Plot 986, Residential Colony, Serlingampally Circle 20, Nallagandla, Hyderabad",Hyderabad,/hyderabad/alley-pally-cafe-1-nallagandla/info,https://b.zmtcdn.com/data/pictures/1/22676261/2f67b0ced37b1e2163a2136972e73e67_o2_featured_v2.jpg
Hokai Pan - Asian Kitchen,4.1,140.0,"Asian, Japanese, Continental","Plot 106, 1st Floor, Defence Colony, Circle 29, Near Chaitanya Dev Singh, Sainikpuri, Secunderabad",Hyderabad,/hyderabad/hokai-pan-asian-kitchen-sainikpuri-secunderabad/info,https://b.zmtcdn.com/data/pictures/0/22760040/3ed6e1c000b8ee94876d5e43edc5462d_o2_featured_v2.jpg
China Express,3.7,1194.0,"Chinese, Momos","House 1-8-32/43/A, PG Road, Secunderabad",Hyderabad,/hyderabad/china-express-pg-road-secunderabad/info,https://b.zmtcdn.com/data/pictures/0/18903510/a088437f9ce7193caaeb3c23a612b42e_featured_v2.jpg
Arabian Mandi @ 10,4.0,751.0,"Mandi, Desserts","8-2-603/A/11/4, Shop 5, Circle 18, Zaheera Nagar, Road 10, Banjara Hills, Hyderabad",Hyderabad,/hyderabad/arabian-mandi-@-10-banjara-hills/info,https://b.zmtcdn.com/data/pictures/7/22409777/8b2ab2a9ce5fb38269980e20572e8525_o2_featured_v2.jpg
The Chap House By Chirp,4.2,3029.0,"Modern Indian, Asian, Continental","3rd Floor, SLN Terminus Indira Nagar, Gachibowli, Hyderabad",Hyderabad,/hyderabad/the-chap-house-by-chirp-gachibowli/info,https://b.zmtcdn.com/data/pictures/8/20857068/beb189ca09c5706f2940e8871495ab5a_featured_v2.jpg
Charminar Biryani Rooftop,4.5,1144.0,"Biryani, Chinese, North Indian","Plot 404, Linisha Arcade, Rajarajeshwara Nagar, Kondapur, Hyderabad",Hyderabad,/hyderabad/charminar-biryani-rooftop-kondapur/info,https://b.zmtcdn.com/data/pictures/0/22390540/b7af792c9d5f1769bb0d1a87c81d9855_o2_featured_v2.jpg
Drunkyard,4.2,2489.0,"Continental, North Indian, Chinese","1-73/420, Main Road, Gachibowli, Hyderabad",Hyderabad,/hyderabad/drunkyard-gachibowli/info,https://b.zmtcdn.com/data/pictures/5/18265585/e96cf67c86d0c3a6881fd613c81f0709_featured_v2.jpg
The White Cashew,4.5,762.0,"North Indian, Continental, Chinese","Plot 1-1-5-244, 3rd Floor, Aruna Arcade, 6th Avenue Road, Sainikpuri, Secunderabad",Hyderabad,/hyderabad/the-white-cashew-1-sainikpuri-secunderabad/info,https://b.zmtcdn.com/data/pictures/0/20900720/4a050fac664049a70f0de3732292f132_o2_featured_v2.jpg
Kadali Kitchen,4.3,1147.0,"North Indian, Biryani, Desserts","8-2-293/82/JIII/563, Road No. 92, MLA Colony, Jubilee Hills, Hyderabad",Hyderabad,/hyderabad/kadali-kitchen-jubilee-hills/info,https://b.zmtcdn.com/data/pictures/1/21137021/d0a700363f0ea6fb9cdda9bb759164c3_featured_v2.jpg
Bhattad Ki Idli - Rambharose Bhandar,3.7,21.0,South Indian,"3-5-170/1/8/1, Near HMWS Water Tank, Narayanguda, Hyderabad",Hyderabad,/hyderabad/bhattad-ki-idli-rambharose-bhandar-narayanguda/info,https://b.zmtcdn.com/data/pictures/4/19176784/4a0ed76c5234276c75058c47f36baffd_featured_v2.jpg
Whistling Brew,4.5,1808.0,"Pizza, Sushi, Desserts","04-045, Sy 42, Pet Basheerabad, Next To Hero Two Wheeler Showroom, Hyderabad, Quthbullapur Circle 25, Kompally, Hyderabad",Hyderabad,/hyderabad/whistling-brew-kompally/info,https://b.zmtcdn.com/data/pictures/9/21682829/bee4b389be66f43d612a02d3338bdfb0_o2_featured_v2.jpg
Burger King,3.8,25.0,"Burger, Fast Food, Coffee","4th Floor, Sarath City Capital Mall, White Field Road, Kondapur, Hyderabad",Hyderabad,/hyderabad/burger-king-kondapur/info,https://b.zmtcdn.com/data/pictures/chains/8/18138658/6352f382ab83cd6c458c3ad6c6fd1d60_featured_v2.jpg
Mrs. Mage - Hyatt Hyderabad,3.3,1696.0,"Asian, Oriental, Alcoholic Beverages","Road 2, I.T. Park, Nanakram Guda, Gachibowli, Hyderabad",Hyderabad,/hyderabad/mrs-mage-hyatt-hyderabad-gachibowli/info,https://b.zmtcdn.com/data/pictures/4/20008044/dfe4a7962e1a0fbf7fc844e1a9a1d3f2_featured_v2.jpg
Whisky Samba,4.4,631.0,"North Indian, Mughlai, Desserts","Gate 3, Salarpuria Sattva Knowledge City, Silpa Gram Craft Village, Hitech City, Hyderabad",Hyderabad,/hyderabad/whisky-samba-hitech-city/info,https://b.zmtcdn.com/data/pictures/7/20714537/1b95c6294226c1fbb789c6dfe7d293d9_featured_v2.jpg
F3 Cafē & Bistro,4.5,1086.0,"Cafe, Sandwich, Burger","37-18/10/1, Defence Colony, Sainikpuri, Secunderabad",Hyderabad,/hyderabad/f3-caf-bistro-sainikpuri-secunderabad/info,https://b.zmtcdn.com/data/pictures/6/19157056/88b9528f61aea626d1542ce1dccda5c1_featured_v2.jpg
Starbucks Coffee,4.3,701.0,"Cafe, Coffee, Fast Food","Door 6-158, Ground Floor, Gandipet Main Road, Near Legend Chimes, Gandipet, Hyderabad",Hyderabad,/hyderabad/starbucks-coffee-gandipet/info,https://b.zmtcdn.com/data/pictures/5/20827335/a3361f331166c4e4aee3daf51bbde4c7_featured_v2.jpg
Ratio Specialty Coffee From India And Beyond,4.4,246.0,"Coffee, Continental, Pizza","Plot no. 1113, road no.54, jubilee hills, Telangana, Jubilee Hills, Hyderabad",Hyderabad,/hyderabad/ratio-specialty-coffee-from-india-and-beyond-jubilee-hills/info,https://b.zmtcdn.com/data/pictures/6/22083456/3e6935fb0d5f6b8de02fc6998f61ab74_o2_featured_v2.jpg
Lune Cafe,4.1,92.0,"Cafe, Coffee, Chinese","16-2-741/29 & 37, 1st Floor, Bank Colony, NH 65, Malakpet, Hyderabad",Hyderabad,/hyderabad/lune-cafe-malakpet/info,https://b.zmtcdn.com/data/pictures/6/22762386/c3e53be8ee5785f52823d453c84f0087_o2_featured_v2.jpg
Ulavacharu,4.3,2591.0,"South Indian, Biryani, Kebab","Plot 2/48, D.R Colony, Circle 24, Kukatpally, Hyderabad",Hyderabad,/hyderabad/ulavacharu-1-kukatpally/info,https://b.zmtcdn.com/data/pictures/7/21892017/efae774ab8fe0032fe435ed94bcf6c99_featured_v2.jpg
Food Exchange,4.1,1089.0,"North Indian, Italian, Continental","R. Gandhi International Airport, Shamshabad, Hyderabad",Hyderabad,/hyderabad/food-exchange-shamshabad/info,https://b.zmtcdn.com/data/pictures/6/91876/0b92e6edfece4ba3836aff8ac155bfe3_o2_featured_v2.jpg
Chai Point,4.1,8182.0,"Tea, Coffee, Beverages","Shop 3A, 3rd Floor, Food Court, GVK One Mall, Road 1, Banjara Hills, Hyderabad",Hyderabad,/hyderabad/chai-point-banjara-hills/info,https://b.zmtcdn.com/data/pictures/2/18719392/716ab74c65f114520c74e2b2c17dfa42_featured_v2.jpg
Pista House,4.0,62.0,"Biryani, Middle Eastern, Chinese","2-48, Plot 424, Opposite Care Hospital, Preston Prime Mall, Gachibowli, Hyderabad",Hyderabad,/hyderabad/pista-house-2-gachibowli/info,https://b.zmtcdn.com/data/pictures/chains/9/91999/1ea8ad15683d870685896e04bbf5b504_featured_v2.jpg
True Black Speciality Coffee,4.5,1904.0,"Cafe, Coffee, Fast Food","H.no 8-2-293/83/a/1069/a, The Jubilee Hills Cooperative House Building Society Ltd, Jubilee Hills Road Number 45, Jubilee Hills, Hyderabad",Hyderabad,/hyderabad/true-black-speciality-coffee-jubilee-hills/info,https://b.zmtcdn.com/data/pictures/6/20517056/4f5a79cf7cfab31096582a47c707341e_featured_v2.jpg
Koki Coffee & Co.,4.4,196.0,"Cafe, American, Italian","Unit 1B, 1st Floor, One Golden Mile, Rangareddy, Near Golden Mile Road, Kokapet, Hyderabad",Hyderabad,/hyderabad/koki-coffee-co-kokapet/info,https://b.zmtcdn.com/data/pictures/9/21853639/bd2c3772289fb9c6b30f20aa4feeba71_featured_v2.jpg
Mandi Delight,4.2,366.0,Mandi,"House 2-2-7/1/1, Flat 201, 2nd Floor, Sri Ranga Golden Towers, DD Colony, Shivam Road, Amberpet, Hyderabad",Hyderabad,/hyderabad/mandi-delight-amberpet/info,https://b.zmtcdn.com/data/pictures/2/21363252/fca52a43332ab99fe381db513a052dff_featured_v2.jpg
The Military Spices,4.2,618.0,"South Indian, Sandwich, Fast Food","House 38-8, Survey 278, 3rd & 4th Floors, SPC Vision Towers, Circle 28, Madhura Nagar, Road 3, Neredmet, Hyderabad",Hyderabad,/hyderabad/the-military-spices-neredmet/info,https://b.zmtcdn.com/data/pictures/6/22248086/323e9ddcbd9fa91f6532e823b45ca718_o2_featured_v2.jpg
Oh! Calcutta,4.5,6971.0,"Bengali, North Indian, Seafood","Plot 1 And 2, Rohini Layout, Opposite Shilparamam, Hitech City, Hyderabad",Hyderabad,/hyderabad/oh-calcutta-hitech-city/info,https://b.zmtcdn.com/data/pictures/2/19421482/84134b39ffdf9acd306b11db83ccb348_featured_v2.jpg
Daaru Next Door,4.3,203.0,"North Indian, South Indian, Beverages","Survey 71 And 77, Plot 111-B, 500-B And 112-B, Circle 20, Serilingampally, Kondapur, Hyderabad",Hyderabad,/hyderabad/daaru-next-door-kondapur/info,https://b.zmtcdn.com/data/pictures/8/22693648/61567b4e6bf829a767b9ee556897f7d6_o2_featured_v2.jpg
KFC,4.0,16.0,"Burger, Grilled Chicken, Rolls","Gun Foundry, Near SBI, Abids, Hyderabad",Hyderabad,/hyderabad/kfc-abids/info,https://b.zmtcdn.com/data/pictures/5/96085/bd497babaf083d70406917d5ec790a88_o2_featured_v2.jpg
Thrivesome Cafe Co,4.4,252.0,"Cafe, Continental, Coffee","Ground Floor, MK Plaza, LIG, 7-1/267, HUDA Layout, Nallagandla, Hyderabad",Hyderabad,/hyderabad/thrivesome-cafe-co-nallagandla/info,https://b.zmtcdn.com/data/pictures/8/21377468/b88251968370e267efb5595856a767a3_o2_featured_v2.jpg
Nidhi Ki Rasoi Se,4.4,13.0,"North Indian, Chinese, Biryani","312 & 313, Plot 16 & 16/A, Sri Sai Ram Nagar Colony, Opposite Jawahar Navodaya Vidyalaya, Nallagandla, Hyderabad",Hyderabad,/hyderabad/nidhi-ki-rasoi-se-nallagandla/info,https://b.zmtcdn.com/data/pictures/8/19617818/facc2a090d469c57a5017328cc6deee8_featured_v2.jpg
Spice It - ibis Hyderabad HITEC City,4.0,1312.0,"North Indian, Chinese, Biryani","Plot 3/2, Sector II, HUDA Techno Enclave, Hitech City, Hyderabad",Hyderabad,/hyderabad/spice-it-ibis-hyderabad-hitec-city-hitech-city/info,https://b.zmtcdn.com/data/pictures/6/18371516/bfcc0b7c82d2ad388f3dc34331168810_featured_v2.jpg
Vani Fast Food & Ice Creams,4.1,1756.0,"Fast Food, Chinese, Ice Cream","1-2-40 & 12-2-41, Shop G4, Shiva Shakthi Homes, Moosapet, Hyderabad",Hyderabad,/hyderabad/vani-fast-food-ice-creams-moosapet/info,https://b.zmtcdn.com/data/pictures/4/21156134/addc38c508cc0fac1d8b314b88d7711e_featured_v2.jpg
Special 9,4.3,4345.0,"Andhra, Biryani, Chinese","H No 2-91/35/SSS/GF/4, Ground Floor, Right Side, Paradigm SSS Square, Laxmi Cyber City, Whitefields, Hyderabad",Hyderabad,/hyderabad/special-9-whitefields/info,https://b.zmtcdn.com/data/pictures/6/21963496/a910483db97165377e9f4da4b4ae5a23_o2_featured_v2.jpg
Barbeque Nation,4.1,7566.0,"North Indian, BBQ, Kebab","Survey 1009, 4th Floor, Nexus Mall, KPHB 6, Kukatpally, Hyderabad",Hyderabad,/hyderabad/barbeque-nation-kukatpally/info,https://b.zmtcdn.com/data/pictures/chains/8/90038/8fa1a185a369be06f27c0fc9b4adce08_featured_v2.jpg
Animal Club and Kitchen,4.2,1914.0,"Continental, Hyderabadi, Alcoholic Beverages","Level 1, SLN Terminus, Gachibowli, Hyderabad",Hyderabad,/hyderabad/animal-club-and-kitchen-gachibowli/info,https://b.zmtcdn.com/data/pictures/5/20832345/9d35671f963544418f019464bbc0c881_featured_v2.jpg
Sattvam,4.3,1076.0,"North Indian, South Indian, Salad","Door 8-2-120/86/9/A/1, 2, 12 & 13, 2nd Floor, Road 2, Banjara Hills, Hyderabad",Hyderabad,/hyderabad/sattvam-banjara-hills/info,https://b.zmtcdn.com/data/pictures/5/20756285/cba35223ea7d26e3d582c419cc02f4ca_featured_v2.jpg
Kami Hyderabad Cafe & Patisserie,4.6,1323.0,"Sandwich, Burger, Pasta","Plot 185-186, Third Floor, Artham's Arcade, Raghavendra Colony, Kondapur, Hyderabad",Hyderabad,/hyderabad/kami-hyderabad-cafe-patisserie-kondapur/info,https://b.zmtcdn.com/data/pictures/1/20710381/6f76bcb408a15d7ddf4c7a28237bfcec_featured_v2.jpg
Turquoise - Le Meridien,4.2,1441.0,"Asian, North Indian, Hyderabadi","132, Gachibowli - Miyapur Road, Banjara Basthi, Jayabheri Enclave, Gachibowli, Hyderabad",Hyderabad,/hyderabad/turquoise-le-meridien-gachibowli/info,https://b.zmtcdn.com/data/pictures/4/19291044/def53393865e6e83166b60d58720a425_featured_v2.jpg
GOPIZZA,4.1,983.0,"Pizza, Italian","Door 5-7-72, 4Th Floor, Food Court, Ashoka One Mall, Moosapet, Hyderabad",Hyderabad,/hyderabad/gopizza-moosapet/info,https://b.zmtcdn.com/data/pictures/5/20848685/a74453a64d5d482a32be8eb036b63926_featured_v2.jpg
Chilaka Coffee,4.234118852459017,1991.6997950819673,"Pizza, Coffee, Juices","Plot 823, Rd Number 41, CBI Colony, Jubilee Hills, Telangana, Jubilee Hills, Hyderabad",Hyderabad,/hyderabad/chilaka-coffee-jubilee-hills/info,https://b.zmtcdn.com/images/res_avatar_476_320_1x_new.png
Shiv Sagar Veg Restaurant,4.1,252.0,"North Indian, Chinese, South Indian","Ground Floor, White Rock Building, Kavuri Hills, Madhapur, Jubilee Hills, Hyderabad",Hyderabad,/hyderabad/shiv-sagar-veg-restaurant-jubilee-hills/info,https://b.zmtcdn.com/data/pictures/2/22622742/d61bce31edda2c6130df28a60351a584_o2_featured_v2.jpg
The Hole In The Wall Cafe,4.4,1235.0,"Cafe, Coffee, Burger","House 8-2-293/82/A/753/1, Survey 403/1 Old & 120 New Survey 102/1, Plot 753, Circle 18, Jubilee Hills, Hyderabad",Hyderabad,/hyderabad/the-hole-in-the-wall-cafe-1-jubilee-hills/info,https://b.zmtcdn.com/data/pictures/6/21831236/e6424488cfdaf2fb8d044f7e3902f2a5_featured_v2.jpg
Wok 'n' Biryani,4.2,127.0,"Beverages, Biryani, Chinese","D 1, 5, 1055/87/1, Survey 589/P, HMT Officers Colony, Circle 27, Medchal Road, Hyderabad",Hyderabad,/hyderabad/wok-n-biryani-medchal-road/info,https://b.zmtcdn.com/data/pictures/3/22728393/cf056f570f080f6d2574aa48d11b8fde_o2_featured_v2.jpg
Smaaash | C2H5OH,4.2,1361.0,"Chinese, Continental, Finger Food","L5, Inorbit Mall Road, Mindspace, Near Durgam Cheruvu, Hitech City, Hyderabad",Hyderabad,/hyderabad/smaaash-c2h5oh-hitech-city/info,https://b.zmtcdn.com/data/pictures/7/19938667/12d9e9e7cecf0302a99cbf4877682899_featured_v2.jpg
Naughty Kodi Bar & Kitchen,4.0,313.0,"Biryani, Andhra, Asian","Dno.1-61/mrc/sy.4/1f, First, Second, Third, Fourth Floors, Sy No.4, Khajaguda Serilingampally, Serlingampally Circle No 20, Nanakramguda, Hyderabad",Hyderabad,/hyderabad/naughty-kodi-bar-kitchen-nanakramguda/info,https://b.zmtcdn.com/data/pictures/3/22547853/dc92f34624ae27c2c7f6af9f2dff0b9e_o2_featured_v2.jpg
Grevo Cafe,4.1,70.0,"Coffee, Bubble Tea, Shake","House 2-2-7/5/1/2, Ground Floor, DD Colony, Circle 16, Amberpet, Hyderabad",Hyderabad,/hyderabad/grevo-cafe-amberpet/info,https://b.zmtcdn.com/data/pictures/2/22592242/4e6cfb3f188bfcdeee7d58f26d61c586_o2_featured_v2.jpg
Bakelore,4.3,9276.0,"Bakery, Desserts, Wraps","1-103/5/1, Ground Floor, 1st Floor & Terrace Floor, Hitec City, Sai Nagar Colony, Main Road, Madhapur, Hyderabad",Hyderabad,/hyderabad/bakelore-madhapur/info,https://b.zmtcdn.com/data/pictures/5/20656165/a5b0f0bcbdd719bc27ef07e5c68d1d08_o2_featured_v2.jpg
Shadab,4.2,40.0,"Biryani, North Indian, Mughlai","8-3-191/3, Vengal Rao Nagar, S R Nagar, Hyderabad",Hyderabad,/hyderabad/shadab-s-r-nagar/info,https://b.zmtcdn.com/data/pictures/chains/1/91711/c4e0c809eca74beeafea932528aeafd3_featured_v2.jpg
Pista House Mandi,4.2,556.0,"Biryani, Seafood, Arabic","7-2-1735, Serial 60/9, Plot 4, Ground Floor, Endecos Alladin County, A Block, Sanath Nagar, Hyderabad",Hyderabad,/hyderabad/pista-house-mandi-sanath-nagar/info,https://b.zmtcdn.com/data/pictures/chains/5/20426325/f597225a3bf25a51dad0562c9e7a3615_featured_v2.jpg
Nove - The Italian Kitchen,4.5,1815.0,"Italian, Salad, Desserts","1/3/2001 Crafts, Council Of Telangana, Road 12, NBT Nagar Banjara Hills Hyderabad",Hyderabad,/hyderabad/nove-the-italian-kitchen-banjara-hills/info,https://b.zmtcdn.com/data/pictures/2/20496432/2a6b302fcf1695f1e84c02a6ea361f70_featured_v2.jpg
Good Vibes Only Cafe,4.3,10.0,"Cafe, Continental, Fast Food","Plot 1, Survey 40, Building 1, Khajaguda, Manikonda, Hyderabad",Hyderabad,/hyderabad/good-vibes-only-cafe-manikonda/info,https://b.zmtcdn.com/data/pictures/5/19538425/c9af4a5366c3a6a11d3b5115677e017b_o2_featured_v2.jpg
The Batter House,3.9,462.0,"South Indian, Healthy Food","12-13-853/42/A, Hideout Eatery & Gaming, Hanuman Nagar, Tarnaka, Hyderabad",Hyderabad,/hyderabad/the-batter-house-tarnaka/info,https://b.zmtcdn.com/data/pictures/chains/9/19825119/a3c847999d0f2a6dfd533945a61e70cb_featured_v2.jpg
Ellipaya Karam,4.1,24.0,"North Indian, South Indian, Biryani","Ground Floor, Gate-2, 4-14, HIG, APHB Colony, Road 4, Beside Funzo Foodzone, Dlf Cyber City, Gachibowli, Hyderabad",Hyderabad,/hyderabad/ellipaya-karam-1-gachibowli/info,https://b.zmtcdn.com/images/res_avatar_476_320_1x_new.png
Zyng - Radisson Hyderabad Hitec City,4.1,194.0,"Finger Food, Fast Food, Coffee","Chhota Anjaiah Nagar, Gachibowli, Hyderabad",Hyderabad,/hyderabad/zyng-radisson-hyderabad-hitec-city-gachibowli/info,https://b.zmtcdn.com/data/pictures/4/95974/007dcbf0e352762c6238daf85f8c5e00_featured_v2.jpg
Harry's The Pub - Aditya Park,3.6,562.0,Finger Food,"Lobby Level, Aditya Trade Centre, Sathyam Theatre Road, Ameerpet, Hyderabad",Hyderabad,/hyderabad/harrys-the-pub-aditya-park-ameerpet/info,https://b.zmtcdn.com/data/pictures/5/92435/070c3168597123eb6f5bcebc20fd89a5_o2_featured_v2.jpg
Thinespo - Cafe and Restaurant,4.3,5720.0,"North Indian, Italian, Asian","Plot 2-041, North NCL Kompally, Beside Excellency Gardens, Kompally, Hyderabad",Hyderabad,/hyderabad/thinespo-cafe-and-restaurant-kompally/info,https://b.zmtcdn.com/data/pictures/chains/1/95871/d66c7ae70ec2454398ce196a85035949_featured_v2.jpg
La Vie En Rose Cafe & Bistro,4.1,828.0,"Cafe, North Indian, Continental","Unit 301, Survey 92/1, 92/3, to 92/18, Plot 9, 10, 11, 16, 17, & 18, 3rd Floor, Circle 20, Gachibowli, Hyderabad",Hyderabad,/hyderabad/la-vie-en-rose-cafe-bistro-gachibowli/info,https://b.zmtcdn.com/data/pictures/7/21164737/6ef78c5fa8ef59a272b18a10727fd85d_featured_v2.jpg
Vam Coffee House,4.4,149.0,"Cafe, Coffee","Plot 17, Serilingampalle, Nallagandla, Hyderabad",Hyderabad,/hyderabad/vam-coffee-house-nallagandla/info,https://b.zmtcdn.com/images/res_avatar_476_320_1x_new.png
Koliba Bar & Cafe,4.2,947.0,"Chinese, North Indian, Pizza","Poolside, Country Club, Gate Near Metro Pillar 1405, Uma Nagar, Begumpet, Hyderabad",Hyderabad,/hyderabad/koliba-bar-cafe-begumpet/info,https://b.zmtcdn.com/data/pictures/3/19682813/61d035e2f5b7401faeff13a5272d190e_featured_v2.jpg
Medley,3.9,4347.0,"Continental, Chinese, North Indian","House 564/A, 8-2-293/82/JIII/564/A/44, Villa J3, Jubilee Hills, Hyderabad",Hyderabad,/hyderabad/medley-jubilee-hills/info,https://b.zmtcdn.com/data/pictures/7/18811647/fcb03be9e9a31b4d97592bea18bc66f6_o2_featured_v2.jpg
Theory Patisserie & Cafe,4.4,2808.0,"Cafe, Fast Food, Desserts","Plot 178, Street 15, Jubilee Hills, Hyderabad",Hyderabad,/hyderabad/theory-patisserie-cafe-jubilee-hills/info,https://b.zmtcdn.com/data/pictures/5/19150885/0060f85fc89f744b6543c27b6e6db4e2_featured_v2.jpg
Sri Kanya Comfort,4.1,25.0,"Biryani, Andhra, Chinese","2-22-298, Survey 169, 5th Floor, Pnr Empire Building, Kukatpally, Hyderabad",Hyderabad,/hyderabad/sri-kanya-comfort-kukatpally/info,https://b.zmtcdn.com/data/pictures/chains/5/96465/36b44c967d9bb8d379f16503ff187b05_featured_v2.jpg
"Citrus Cafe - Lemon Tree Premier Hitech City, Hyderabad",4.1,820.0,"European, South Indian, American","Lemon Tree Premier, Plot 2, Survey 64, Hitech City, Hyderabad",Hyderabad,/hyderabad/citrus-cafe-lemon-tree-premier-hitech-city-hyderabad-hitech-city/info,https://b.zmtcdn.com/data/pictures/chains/1/91691/8de4e0c73a55508955a0a89baf3300e8_featured_v2.jpg
Balondoor,4.3,774.0,"Hyderabadi, Asian, Chinese","11/33, Meridian School, Madhapur Road, Madhapur, Hyderabad, Telangana, 500081, Gajularamaram Circle no 26, Hyderabad, Telangana-500081, Telangana",Hyderabad,/hyderabad/balondoor-madhapur/info,https://b.zmtcdn.com/data/pictures/4/22184464/2e0499dd88f70b78b6c223256cea76c5_o2_featured_v2.jpg
Roast N Toast,4.2,1149.0,"North Indian, Chinese, Italian","Gsm Mall, Above Westside Showroom, Main Road, Madinaguda, Hyderabad",Hyderabad,/hyderabad/roast-n-toast-chanda-nagar/info,https://b.zmtcdn.com/data/pictures/0/20382150/e1a4587f882910bbb3fa4c3e1485b249_featured_v2.jpg
Sampreethi - Telugu Kitchen,4.3,789.0,"North Indian, South Indian, Hyderabadi","House 1-6-41/5, Plot 51/A, 2nd Floor, SS Heights, Anupuram Colony, Kapra Circle 1, Near Radhika, ECIL, Secunderabad",Hyderabad,/hyderabad/sampreethi-telugu-kitchen-ecil-secunderabad/info,https://b.zmtcdn.com/data/pictures/5/22406025/bc2fa16994f77804dfbe866338f019b7_o2_featured_v2.jpg
Popeyes,4.2,3095.0,"Burger, Fast Food","7-1-208/2, Unit 3F-FC-16, 3rd Floor, Satyam AAA Mall, Balkampet Road, Ameerpet, Hyderabad",Hyderabad,/hyderabad/popeyes-ameerpet/info,https://b.zmtcdn.com/data/pictures/chains/4/20847524/e1f16aa60e83301786dc4bc05cf5a450_featured_v2.jpg
Ci Gusta!,4.5,4904.0,"Pizza, Sandwich, Pasta","Plot 66, 43P, 44P, 45 & 48, Kavuri Hills, Madhapur, Hyderabad",Hyderabad,/hyderabad/ci-gusta-madhapur/info,https://b.zmtcdn.com/data/pictures/7/96007/3e0372bcdd893ce82acdfeb28ad2639e_featured_v2.jpg
Pizza Hut,4.1,19.0,"Pizza, Pasta, Italian","Plot 67, Road 4, Chandrapuri Colony, L B Nagar, Hyderabad",Hyderabad,/hyderabad/pizza-hut-2-l-b-nagar/info,https://b.zmtcdn.com/data/pictures/9/19090909/4f4b00d6fe7cd7325932d143da716d6f_o2_featured_v2.jpg
Roobaroo Cafe,4.3,676.0,"Beverages, Cafe, Continental","17-1-389/10/A, Near Ratnadeep Super Market, Road 1, Saroor Nagar, Hyderabad",Hyderabad,/hyderabad/roobaroo-cafe-1-saroor-nagar/info,https://b.zmtcdn.com/data/pictures/8/19631568/72b0f1e8070e0f1c12da9ac555e34243_featured_v2.jpg
Terrace Grill,4.1,8729.0,"North Indian, Seafood, Mughlai","ECIL Post, Near Bus Stop towards ECIL, Main Road, Trimulgherry - ECIL Road, A S Rao Nagar, Secunderabad",Hyderabad,/hyderabad/terrace-grill-1-as-rao-nagar-secunderabad/info,https://b.zmtcdn.com/data/pictures/9/18756839/fe5ac5912a50a1604fd5ddefb48d3677_featured_v2.jpg
Jamming Goat 3.0,4.2,1202.0,"Continental, Asian, Italian","431, 5th Floor, Terminal Building, Block K3, Kokapet, Hyderabad",Hyderabad,/hyderabad/jamming-goat-3-0-kokapet/info,https://b.zmtcdn.com/data/pictures/2/21343602/397aa09475abf8857193675ffde6cad4_featured_v2.jpg
Panchayat Bar & Restaurant,4.4,568.0,"Bar Food, North Indian, Seafood","Vayupuri, Near Vishal Mart, Sainikpuri, Secunderabad",Hyderabad,/hyderabad/panchayat-bar-restaurant-sainikpuri-secunderabad/info,https://b.zmtcdn.com/data/pictures/2/22280782/5e6ac11301b670b66cae1f2a68451e6b_featured_v2.jpg
Lush Cafe By The Lake,3.7,1227.0,"Cafe, Coffee, Continental","Plot 138 And 139, Doctors Colony, G. Begumpet, Kavuri Hills, Jubilee Hills, Hyderabad",Hyderabad,/hyderabad/lush-cafe-by-the-lake-jubilee-hills/info,https://b.zmtcdn.com/data/pictures/6/21003676/709eac7013a59bf91cb410dfb7eb3f4f_featured_v2.jpg
Bluefox Fine Dine,4.2,97.0,North Indian,"Floor 1, Radhika Multiplex, Circle 1, Kapra, A S Rao Nagar, Secunderabad",Hyderabad,/hyderabad/bluefox-fine-dine-as-rao-nagar-secunderabad/info,https://b.zmtcdn.com/data/pictures/3/21636383/8e28596f7da9c8b222f6c921ad3288c0_o2_featured_v2.jpg
Peanuts Bar,4.2,1150.0,"Bar Food, Cafe, Continental","1, 83, 10, Upper Ground Floor, Rai Durg, Knowledge City Road, The Skyview, Hitech City, Hyderabad",Hyderabad,/hyderabad/peanuts-bar-2-hitech-city/info,https://b.zmtcdn.com/data/pictures/6/21250316/29cbf0ddebfbf445cc6a7f829e24b761_featured_v2.jpg
Seventh Heaven Authentic Restaurant & Rooftop Bar,4.3,550.0,"North Indian, Chinese, Kebab","7th Floor, Venkat Plaza, Panjagutta, Hyderabad",Hyderabad,/hyderabad/seventh-heaven-authentic-restaurant-rooftop-bar-panjagutta/info,https://b.zmtcdn.com/data/pictures/4/20059264/e34c8d4f3db52f31c59841388c49e7bc_featured_v2.jpg
Apik Cafe,4.1,625.0,"International, North Indian, Chinese","11-13-426, Circle 5, Ramakrishna Puram, Road 14, Saroor Nagar, Hyderabad",Hyderabad,/hyderabad/apik-cafe-saroor-nagar/info,https://b.zmtcdn.com/data/pictures/4/21346144/ef198aeb71a9356ab86823800adeb5c6_o2_featured_v2.jpg
9Bar Speciality Coffee,4.5,28.0,"Coffee, Cafe","C87H G66, ISB Road, Financial District, Vattinagulapally, Nanakramguda, Tellapur, Hyderabad",Hyderabad,/hyderabad/9bar-speciality-coffee-tellapur/info,https://b.zmtcdn.com/images/res_avatar_476_320_1x_new.png
Royal Express Fine Dine,4.1,69.0,"Andhra, North Indian, Chinese","3rd Floor, AMR Plant Mall, Kapra, Circle 1, ECIL, Secunderabad",Hyderabad,/hyderabad/royal-express-fine-dine-ecil-secunderabad/info,https://b.zmtcdn.com/data/pictures/7/22730587/6118821162396be3868fc174f7c7ef4c_o2_featured_v2.jpg
Original Burger Co.,4.1,75.0,"Burger, Fast Food, Shake","Ground Floor, Ambedkar Nagar, Road 82, Near Film Nagar, Hyderabad",Hyderabad,/hyderabad/original-burger-co-1-film-nagar/info,https://b.zmtcdn.com/images/res_avatar_476_320_1x_new.png
Vasaara,4.4,669.0,"South Indian, Coffee, Desserts","8-2-413/B Road No 4, Hyderabad, Telangana-500034, Jubilee Hills, Circle No 18, Hyderabad",Hyderabad,/hyderabad/vasaara-2-banjara-hills/info,https://b.zmtcdn.com/data/pictures/4/21751334/be7ff1e70c6bdcffcc47b953f689d2bf_featured_v2.jpg
Shiro,4.3,5413.0,"Japanese, Sushi, Asian","2nd Floor, UB City Mall, Vittal Mallya Road, Near Lavelle Road, Bangalore",Bangalore,/bangalore/shiro-lavelle-road/info,https://b.zmtcdn.com/data/pictures/0/50890/031684e4deaead86cb1487bd1f698959_featured_v2.jpg?output-format=webp
Kling Brewery,4.2,2456.0,"Continental, European, Asian","27, Ground Floor, Sattva Auro, Shanthala Nagar, Ashok Nagar, Church Street, Bangalore",Bangalore,/bangalore/kling-brewery-church-street-bangalore/info,https://b.zmtcdn.com/data/pictures/9/20996449/e4fc1b101c821d29b0eca3271398a509_featured_v2.jpg?output-format=webp
Taal Bar at Ishaara,4.3,20.0,"Modern Indian, Beverages, Kebab","1st Floor, located in 1 Sobha Mall, Shop F-3, Church Street, Bangalore",Bangalore,/bangalore/taal-bar-at-ishaara-church-street-bangalore/info,https://b.zmtcdn.com/images/res_avatar_476_320_1x_new.png?output-format=webp
Ishaara,4.3,1763.0,"Biryani, Seafood, Mughlai","Units F3, F4, F5 and F6, 1 Sobha, BBMP 50, Residency Road, Bangalore",Bangalore,/bangalore/ishaara-residency-road-bangalore/info,https://b.zmtcdn.com/data/pictures/6/22243456/f024eb058c7c164ff81ac1e8410ca08b_o2_featured_v2.jpg?output-format=webp
Cha Hong Kong Eating House,4.3,1442.0,"Chinese, Desserts, Momos","76-20-50, First Floor, Unit Number F3, F4, F5 and F6, Sobha, Church Street, Bangalore",Bangalore,/bangalore/cha-hong-kong-eating-house-church-street-bangalore/info,https://b.zmtcdn.com/data/pictures/3/22243603/35f52ffd753dec3daf66e06b5f815f7c_o2_featured_v2.jpg?output-format=webp
Muro,4.4,3207.0,"Thai, Cantonese, Salad","5, Museum Road, Shanthala Nagar, Ashok Nagar, Church Street, Bangalore",Bangalore,/bangalore/muro-church-street-bangalore/info,https://b.zmtcdn.com/data/pictures/8/20930988/2a064933f8bdd261df8050594ab51c8b_featured_v2.jpg?output-format=webp
Over Coffee Cafe & Wine Bar,4.0,1877.0,"European, Italian, Continental","41, Ground Floor, Cristu Complex, Ashok Nagar, Lavelle Road, Bangalore",Bangalore,/bangalore/over-coffee-cafe-wine-bar-lavelle-road-bangalore/info,https://b.zmtcdn.com/data/pictures/1/20626791/7bafabdfd670d85e5bd4e8e96a2b3972_featured_v2.jpg?output-format=webp
JW Kitchen - JW Marriott Bengaluru,4.2,4236.0,"North Indian, Continental, Mughlai","JW Marriott, 24/1, Vittal Mallya Road, UB City, Near Lavelle Road, Bangalore",Bangalore,/bangalore/jw-kitchen-jw-marriott-bengaluru-lavelle-road/info,https://b.zmtcdn.com/data/pictures/7/55907/4e1cbc184f6686919a4597a1f77ba2fb_featured_v2.jpg?output-format=webp
Vintage Adda Cafe Bar and Restaurant,4.2,162.0,"Chinese, Italian, North Indian","6/2, 1st Floor, Geetha Mall Building, Shanthala Nagar, Rest House Road, Near Brigade Road, Bangalore",Bangalore,/bangalore/vintage-adda-cafe-bar-and-restaurant-brigade-road-bangalore/info,https://b.zmtcdn.com/data/pictures/5/22212925/c438ddcc34d964a93a1d0d1cc12d56aa_o2_featured_v2.jpg?output-format=webp
Punjab Grill,4.4,6642.0,"North Indian, Kebab, Biryani","Unit 201, 1st Floor, Forum Rex Mall, Brigade Road, Bangalore",Bangalore,/bangalore/punjab-grill-brigade-road-bangalore/info,https://b.zmtcdn.com/data/pictures/chains/9/18581089/62ec70420a005ed9811f4e41ca2c4e9c_featured_v2.jpg
Cahoots,3.6,1688.0,"North Indian, South Indian, Chinese","48/2, 48/3, Brigade Garden, Shanthinagara, Brigade Road, Bangalore",Bangalore,/bangalore/cahoots-brigade-road-bangalore/info,https://b.zmtcdn.com/data/pictures/2/21959252/fba6e2e215dad9f7c1650d19a96fd6ef_featured_v2.jpg
Chutney Chang,4.0,6421.0,"Chinese, North Indian, Momos","31, HM Eleganza, Museum Road, Church Street, Bangalore",Bangalore,/bangalore/chutney-chang-church-street/info,https://b.zmtcdn.com/data/pictures/chains/5/53165/d22582122b353db5b5a9e8e1c5505273_featured_v2.jpg
Amoeba Sports Bar,4.3,209.0,"North Indian, South Indian, Pizza","22, Amoeba complex, Church Street, Bangalore",Bangalore,/bangalore/amoeba-sports-bar-1-church-street-bangalore/info,https://b.zmtcdn.com/images/res_avatar_476_320_1x_new.png
Hard Rock Cafe,4.6,12.0,"American, Continental, Italian","4 & 16, St. Marks Road, Bangalore",Bangalore,/bangalore/hard-rock-cafe-st-marks-road/info,https://b.zmtcdn.com/data/pictures/2/50462/e250ac53a2a3d5abf9959af7c28e5de3_featured_v2.jpg
Coastal Machali Co.,4.2,2095.0,"Mangalorean, North Indian, Seafood","136, Cears Plaza, Plaza Residency Road, Near Richmond Circle, Residency Road, Bangalore",Bangalore,/bangalore/coastal-machali-co-residency-road-bangalore/info,https://b.zmtcdn.com/data/pictures/5/19628715/bc0fdf3d827330c3e3ca5b06b4792bfa_o2_featured_v2.jpg
Flo,4.0,5621.0,"Asian, North Indian, Continental","3, MSR West Park, Ashok Nagar, Church Street, Bangalore",Bangalore,/bangalore/flo-church-street-bangalore/info,https://b.zmtcdn.com/data/pictures/chains/4/19952254/18184094143b73af64b6d892b3a17b9f_featured_v2.jpg
Beige,4.3,4371.0,"Italian, Mexican, Asian","Rooftop, Vanshree Towers, Outer Ring Road, Marathahalli, Bangalore",Bangalore,/bangalore/beige-2-marathahalli-bangalore/info,https://b.zmtcdn.com/images/res_avatar_476_320_1x_new.png
CBD- Central Bar District,4.4,3577.0,"North Indian, Chinese, South Indian","3, Church St, Shanthala Nagar, MSR, MG Road, Bangalore",Bangalore,/bangalore/cbd-central-bar-district-mg-road-bangalore/info,https://b.zmtcdn.com/data/pictures/6/21913226/39cec2d3c0797d21e0a4c047f4ccdb93_featured_v2.jpg
Ironhill Bengaluru,4.4,87.0,"North Indian, Continental, Asian","90, 7 & 90/8, Marathahalli Sarjapur Outer Ring Road, Marathahalli, Bangalore",Bangalore,/bangalore/ironhill-bengaluru-marathahalli-bangalore/info,https://b.zmtcdn.com/data/pictures/7/19672427/614bd1e5040cef0846cf9d18aba83556_featured_v2.jpg
Cavore,4.3,127.0,"Seafood, Continental","20, 21 and 22, MJM Sivam Residency, Shanthala Nagar, Shanti Nagar, Bangalore",Bangalore,/bangalore/cavore-shanti-nagar-bangalore/info,https://b.zmtcdn.com/images/res_avatar_476_320_1x_new.png
epulo - Vineyard Restaurant,4.8,131.0,"North Indian, Continental, Chinese","115/86, Gangedoddi Village, Chekkere Post, Channapatna, Ramnagar District, Mysore Road, Bangalore",Bangalore,/bangalore/epulo-vineyard-restaurant-chanapatna-bangalore/info,https://b.zmtcdn.com/data/pictures/4/53494/5bc238a6da25a7e2926f57450307dc66_featured_v2.jpg
Oh! Calcutta,4.4,5287.0,"Bengali, Finger Food, Seafood","14, Opposite Karnataka State Pollution Board, Church Street, Bangalore",Bangalore,/bangalore/oh-calcutta-church-street-bangalore/info,https://b.zmtcdn.com/data/pictures/0/58720/4a33a9e6dac99e09de5997e170d36a87_featured_v2.jpg
OASIS BREWERY,4.5,13.0,"Asian, Modern Indian, South Indian","Sy 26, Plot 1A, 1B and 2B, Devasandra Industrial Area Whitefield Main Road, Karnataka, Mahadevapura, Bangalore",Bangalore,/bangalore/oasis-brewery-mahadevapura-bangalore/info,https://b.zmtcdn.com/data/pictures/8/22216528/f47a4e3ef65ff62f3545a41946cdec1e_featured_v2.jpg
Pixi,4.2,428.0,"North Indian, Continental, Asian","22, Ground Floor, Amoeba Complex, Shanthala Nagar, Church Street, Bangalore",Bangalore,/bangalore/pixi-church-street-bangalore/info,https://b.zmtcdn.com/images/res_avatar_476_320_1x_new.png
Roxie & Barry,4.1,3024.0,"European, Italian, Pizza","101 & 45, Whitefield Main Road, Narayanappa Garden, Whitefield, Bangalore",Bangalore,/bangalore/roxie-barry-whitefield-bangalore/info,https://b.zmtcdn.com/data/pictures/1/22499701/85a7e18751656456f4afeabd928c9957_featured_v2.jpg
MISU,4.6,5950.0,"Chinese, Asian, Thai","1, Sobha Mall, Shanthala Nagar, St. Mark’s Road, Opposite Metercube, Near Ashok Nagar, Bangalore",Bangalore,/bangalore/misu-ashok-nagar-bangalore/info,https://b.zmtcdn.com/data/pictures/4/18494064/cb8c4565c83508703a55db1a0c1d7ee2_featured_v2.jpg
Paros Brewery & Kitchen,4.1,1212.0,"Chinese, North Indian, Pizza","35, 5th Floor, Opposite R V Engineering College, R R Nagara, B.B.M.P West, Rajarajeshwari Nagar, Bangalore",Bangalore,/bangalore/paros-brewery-kitchen-rajarajeshwari-nagar-bangalore/info,https://b.zmtcdn.com/images/res_avatar_476_320_1x_new.png
Yauatcha,4.6,6203.0,"Chinese, Asian, Seafood","Level 5, 1 MG Road Mall, MG Road, Bangalore",Bangalore,/bangalore/yauatcha-mg-road/info,https://b.zmtcdn.com/data/pictures/9/55419/1e2a601a7cd7161b57f8fb5ea7055b8e_featured_v2.jpg
Tropika Brewing Co,4.2,11.0,"North Indian, Chinese, Fast Food","37/1, Next to Shell Petrol Bunk, Outer Ring Road, Panathur, Marathahalli, Bangalore",Bangalore,/bangalore/tropika-brewing-co-marathahalli-bangalore/info,https://b.zmtcdn.com/data/pictures/chains/5/22372445/ca459ae71a287f4ed1dea07794e7d549_featured_v2.jpg
Pangeo,4.3,5523.0,"Modern Indian, Continental, Asian","4th Floor No-171-172, Rex Walk, Shanthinagara, Brigade Road, Bangalore",Bangalore,/bangalore/pangeo-brigade-road-bangalore/info,https://b.zmtcdn.com/data/pictures/4/20790444/682bd2211eabb12a9de58e4e1bbc12c5_featured_v2.jpg
Oia,4.1,37.0,"Continental, Chinese, Asian","162/2, Main Road, Hennur, Bangalore",Bangalore,/bangalore/oia-3-hennur-bangalore/info,https://b.zmtcdn.com/data/pictures/0/20669940/63f06decab6708ced4e4476b62e4b2e7_featured_v2.jpg
SkyDeck By Sherlock's,4.1,7305.0,"North Indian, Burger, Grilled Chicken","New 52, Old 21, Pantaloons, Shanthinagara, B.B.M.P East, MG Road, Bangalore",Bangalore,/bangalore/skydeck-by-sherlocks-mg-road-bangalore/info,https://b.zmtcdn.com/data/pictures/7/18551057/a1cd3f65b1dfb45b99c5bb0a01c6600e_featured_v2.jpg
Legacy Brewing Company,4.4,4738.0,"North Indian, Chinese, South Indian","44, BSK 3rd Stage, Legacy Road, Hosakerehalli, Bangalore, Rajarajeshwari Nagar, Bangalore",Bangalore,/bangalore/legacy-brewing-company-1-rajarajeshwari-nagar-bangalore/info,https://b.zmtcdn.com/data/pictures/6/22405766/8bcabed295e36f0be2293dbcacfb607c_o2_featured_v2.jpg
boCHE & Shakesbierre - Brewpub & Club,4.5,5771.0,"Finger Food, North Indian, Continental","60, Level 4, EVA Mall, Ashok Nagar, Decathlon Building, Brigade Road, Bangalore",Bangalore,/bangalore/boche-shakesbierre-brewpub-club-brigade-road-bangalore/info,https://b.zmtcdn.com/data/pictures/6/18871246/ab243f31641bb708cc8ca94318240485_featured_v2.jpg
The Bier Library,4.4,18.0,"Biryani, Asian, North Indian","Survey 52, BBMP Property 138/52, Doddakanahalli, Sarjapur Road, Bangalore",Bangalore,/bangalore/the-bier-library-sarjapur-road-bangalore/info,https://b.zmtcdn.com/data/pictures/8/21320618/ffa4094dabcc2d1b23f1fcf08f29a133_featured_v2.jpg
Molly's Courtyard,4.4,778.0,"Pizza, Chinese, Continental","8, Cunningham Road, Bangalore",Bangalore,/bangalore/mollys-courtyard-cunningham-road-bangalore/info,https://b.zmtcdn.com/images/res_avatar_476_320_1x_new.png
Gladia Brewery & Kitchen,4.4,8475.0,"Biryani, Sushi, North Indian","Sy No.82/4B, Doddakanahalli Village, Carmelram Sarjapura Main Road, Varthur Hobli, Sarjapur Road, Bangalore",Bangalore,/bangalore/gladia-brewery-kitchen-sarjapur-road-bangalore/info,https://b.zmtcdn.com/data/pictures/7/22008467/1e12969c9a5f7ed90b82fa1aa8d1a921_featured_v2.jpg
Dolci,4.4,2838.0,"Desserts, Bakery","18/3, Near Honda Showroom, Cunningham Road, Bangalore",Bangalore,/bangalore/dolci-cunningham-road-bangalore/info,https://b.zmtcdn.com/data/pictures/chains/7/52097/77e186729b4b615a44e550608a1d96d7_featured_v2.jpg
ICB Indian Craft Brewery,4.7,14.0,"North Indian, Asian, Continental","Survey 90/3, K, 572/90, Dadamastan Layout, Manayata Tech Park, Outer Ring Road, Opposite Manpho Convention Center, Nagawara, Bangalore",Bangalore,/bangalore/icb-indian-craft-brewery-nagawara-bangalore/info,https://b.zmtcdn.com/data/pictures/5/21606835/590058bca9ae00d93528fe9191b472cf_featured_v2.jpg
HEYOU,4.4,177.0,"Bar Food, Asian, Indian","Ground Floor 18, Ramanashree Arcade, Mahatma Gandhi Road, Craig Park Layout, Ashok Nagar, MG Road, Bangalore",Bangalore,/bangalore/heyou-mg-road-bangalore/info,https://b.zmtcdn.com/images/res_avatar_476_320_1x_new.png
Absolute Shawarma,3.9,11.0,"Shawarma, Fast Food, Burger","Laxshmi Complex, Mahadeshwar Nagar, Satnoor Road, Chanapatna, Bangalore",Bangalore,/bangalore/absolute-shawarma-chanapatna-bangalore/info,https://b.zmtcdn.com/data/pictures/4/21066034/6eaaccc508621f55d211dbefcb788bf9_o2_featured_v2.jpg
KAI Bar And Kitchen,4.4,436.0,"Asian, Continental, Oriental","Du Parc Trinity 17, Mahatma Gandhi Road, Near Bank of Baroda, Craig Park Layout, Ashok Nagar, MG Road, Bangalore",Bangalore,/bangalore/kai-bar-and-kitchen-mg-road-bangalore/info,https://b.zmtcdn.com/images/res_avatar_476_320_1x_new.png
Long Boat Brewing Co.,4.3,34.0,"Chinese, Asian, North Indian","1st Main, MSR Layout, Chandra Layout, Marathahalli, Bangalore",Bangalore,/bangalore/long-boat-brewing-co-marathahalli-bangalore/info,https://b.zmtcdn.com/data/pictures/5/20478855/ad1a9e82956ae1f8fde7ac6104c40746_featured_v2.jpg
Lumara Bar & Kitchen,4.1,1363.0,"Bar Food, North Indian, Chinese","4th Floor, Trinity Circle, MG Road, Bangalore",Bangalore,/bangalore/lumara-bar-kitchen-mg-road-bangalore/info,https://b.zmtcdn.com/data/pictures/7/21581987/c196eddde4b290a6902ac4c39caa6a3e_featured_v2.jpg
Maize & Malt- Craft Brewery & Kitchen,4.5,18.0,"Continental, Asian, South Indian","36, 1st Phase, Whitefield, Bangalore",Bangalore,/bangalore/maize-malt-craft-brewery-kitchen-whitefield-bangalore/info,https://b.zmtcdn.com/data/pictures/0/21231870/e27a4d94245e9579dba579577b5b3119_featured_v2.jpg
Pincode By Kunal Kapur,4.4,400.0,"North Indian, Chinese, Momos","Level 5, 1MG Mall, MG Road, 1/2, Swami Vivekananda Road, MG Road, Bangalore",Bangalore,/bangalore/pincode-by-kunal-kapur-mg-road-bangalore/info,https://b.zmtcdn.com/images/res_avatar_476_320_1x_new.png
Uru,4.2,41.0,"North Indian, Asian, Continental","4th Phase, Near Maratt Estate, Dollar Layout, Bannerghatta Rd, JP Nagar, Bangalore",Bangalore,/bangalore/uru-1-jp-nagar-bangalore/info,https://b.zmtcdn.com/data/pictures/3/19122613/d52a2cca1a27074a750cc137ae66df9f_featured_v2.jpg
The Mandarin Table,4.2,1009.0,"Chinese, Asian, Sichuan","Ward 78, New 56 Place Road, Vasanth Nagar, Bengaluru, Vasanth Nagar, Bangalore",Bangalore,/bangalore/the-mandarin-table-vasanth-nagar-bangalore/info,https://b.zmtcdn.com/data/pictures/3/57703/60ae07ecb09b48d041658fd7ce8c42f5_featured_v2.jpg
Mykos Craft Kitchen & Bar,4.2,13.0,"Continental, Italian, Chinese","4th Floor, SRK Towers, Bannerghatta Road, Bangalore",Bangalore,/bangalore/mykos-craft-kitchen-bar-bannerghatta-road-bangalore/info,https://b.zmtcdn.com/data/pictures/1/20973911/9349036bcfa3e7b61cffe0e2d182804f_featured_v2.jpg
Ssaffron,4.4,1802.0,"Modern Indian, North Indian, Finger Food","56-6B, Palace Road, Vasanth Nagar, Bangalore",Bangalore,/bangalore/ssaffron-1-vasanth-nagar-bangalore/info,https://b.zmtcdn.com/data/pictures/2/57702/f00f1e73ca419aba71f1936724d8ddaf_o2_featured_v2.jpg
ABV -  Artisanal Bier Village,4.5,8678.0,"Continental, Asian, North Indian","391, ITPL Main Road, Hoodi, Karnataka, Whitefield, Bangalore",Bangalore,/bangalore/abv-artisanal-bier-village-whitefield-bangalore/info,https://b.zmtcdn.com/data/pictures/9/21634679/61dfb314fb77bce49f31569df5dd6a18_featured_v2.jpg
B Café,4.4,1385.0,"North Indian, Italian, Chinese","56-6B, Palace Road, Vasanth Nagar, Bangalore",Bangalore,/bangalore/b-café-vasanth-nagar-bangalore/info,https://b.zmtcdn.com/data/pictures/2/59452/e452539496407f6f8ce706cf2111b010_featured_v2.jpg
BLR Brewing Co.,4.3,30.0,"North Indian, Continental, Asian","2, Doddanekundi Industrial Area, Seetharampalya, Near Brookefield HDFC Bank, Whitefield, Bangalore",Bangalore,/bangalore/blr-brewing-co-1-whitefield-bangalore/info,https://b.zmtcdn.com/data/pictures/4/20942924/2192cb58e06cecd79d99fabb376ef75d_featured_v2.jpg
Caprese,4.7,617.0,"Italian, Continental","Level 18, Artezia Hotel, 56-6B, Palace Rd, Abshot Layout, Vasanth Nagar, Bangalore",Bangalore,/bangalore/caprese-vasanth-nagar-bangalore/info,https://b.zmtcdn.com/data/pictures/5/57705/546bc3187c53cb58e334f0b6214838a4_featured_v2.jpg
The Palms Brew & Kitchen,4.4,21.0,"Modern Indian, North Indian","4/A2, Puttenhalli, Kothanur Main Road, JP Nagar, Bangalore",Bangalore,/bangalore/the-palms-brew-kitchen-jp-nagar-bangalore/info,https://b.zmtcdn.com/data/pictures/8/21306638/0e93743deeb4ea5420cf4a6575869c4c_featured_v2.jpg
Hype,4.6,821.0,"Finger Food, Beverages, Desserts","56-6B, Palace Road, Vasanth Nagar, Bengaluru, Vasanth Nagar, Bangalore",Bangalore,/bangalore/hype-vasanth-nagar-bangalore/info,https://b.zmtcdn.com/data/pictures/6/57706/2d5817442416471d7c57f915d7b675b1_featured_v2.jpg
Helen's Place,4.3,11.0,"European, Asian, Modern Indian","90, Service Road, Marathahalli, Bangalore",Bangalore,/bangalore/helens-place-1-marathahalli-bangalore/info,https://b.zmtcdn.com/data/pictures/5/21671775/36bff05f486083dbb052310515b94589_featured_v2.jpg
JULIET,4.1,1912.0,"Asian, Continental, Sushi","5Th Floor, 1 MG Mall, Trinity Circle, Shanti Nagar, Old Madras Road, Ulsoor, Bangalore",Bangalore,/bangalore/juliet-ulsoor-bangalore/info,https://b.zmtcdn.com/data/pictures/4/20810674/c092d1145f30633baa56409b7142f885_featured_v2.jpg
PHURR,4.5,4241.0,"North Indian, Asian, Continental","614 & 615, Ground Floor, Hal 2nd Stage, 12th Main Road, Indiranagar, Bangalore",Bangalore,/bangalore/phurr-indiranagar-bangalore/info,https://b.zmtcdn.com/data/pictures/1/22383261/739e7991-fdf8-4843-88bd-a61d2aff45ed_o2_featured_v2.png
FOO Asian Tapas,4.4,326.0,"Chinese, Sushi, Asian","608, Ground Floor, 7th Cross, HAL 2nd Stage, 12th Main Road, Indiranagar, Bangalore",Bangalore,/bangalore/foo-asian-tapas-indiranagar-bangalore/info,https://b.zmtcdn.com/data/pictures/3/22786403/9442fdf0-6ad5-45b1-be75-e644a7b0b8dd_o2_featured_v2.png
Biergarten,4.4,20.0,"Continental, European, BBQ","57/1A, Adjacent To Outer Varthur Road, Devarabisanahalli, Bangalore Bangalore East, Bellandur, Bangalore",Bangalore,/bangalore/biergarten-bellandur-bangalore/info,https://b.zmtcdn.com/data/pictures/4/21152034/1f789dadc11b23a0734d780b6efa4423_featured_v2.jpg
Good Flippin' Burgers,4.2,2263.0,"American, Burger, Fast Food","1/A, Church Street, Bangalore",Bangalore,/bangalore/good-flippin-burgers-church-street-bangalore/info,https://b.zmtcdn.com/data/pictures/chains/6/21280126/d675f1ca85a593e648b490753fe0555b_featured_v2.jpg
Indian Biere House,4.5,24.0,"Continental, Mediterranean, North Indian","4 & 5, 5th Phase, 100 Feet Outer Ring Road, JP Nagar, Bangalore",Bangalore,/bangalore/indian-biere-house-jp-nagar-bangalore/info,https://b.zmtcdn.com/data/pictures/3/20657123/0c200864d0d99f38399f9ea9452e2a55_featured_v2.jpg
Gufha,4.5,2089.0,"North Indian, Chinese, Continental","101, Railway Parallel Road, Kumarapark West, Kumara Park West, Seshadripuram, Bangalore",Bangalore,/bangalore/gufha-seshadripuram-bangalore/info,https://b.zmtcdn.com/data/pictures/0/20515730/e00cfc86093841a7f3911f2bb9426fcc_o2_featured_v2.jpg
Cafe Petriqor,4.5,1988.0,"Asian, Continental, Coffee","602, Ground Floor, 15th Cross, Outer Ring Road, 24th Main, JP Nagar, Bangalore",Bangalore,/bangalore/cafe-petriqor-jp-nagar-bangalore/info,https://b.zmtcdn.com/data/pictures/6/19820726/9c90ba7b0eb549d4b68f5893fa460b0b_o2_featured_v2.jpg
Omira,4.234118852459017,1991.6997950819673,"Pizza, Fast Food, Burger","Hal 2nd, Stage 953, 12th Main Road, HAL Appareddipalaya, Indiranagar, Bangalore",Bangalore,/bangalore/omira-indiranagar-bangalore/info,https://b.zmtcdn.com/images/res_avatar_476_320_1x_new.png
Brahma Brews,4.5,33.0,"Asian, North Indian, South Indian","24th Main, 7th Phase, Opposite Brigade Palm Springs, JP Nagar, Bangalore",Bangalore,/bangalore/brahma-brews-jp-nagar-bangalore/info,https://b.zmtcdn.com/data/pictures/6/18853706/bc8474dc1cf313f7469a29546daaac3f_featured_v2.jpg
Miso Sexy,4.6,14.0,"Japanese, Chinese, Sushi","963, HAL 2nd Stage, Doopanahalli, 12th Main Road, Indiranagar, Bangalore",Bangalore,/bangalore/miso-sexy-indiranagar-bangalore/info,https://b.zmtcdn.com/data/pictures/0/20275310/39c422a3a4ec859fa7e378d5d209958c_featured_v2.jpg
Zero Degree On The Hill Brewery And Kitchen,3.9,530.0,"North Indian, Chinese, Fast Food","Ground Floor, 183 BEML Layout Near Shakthi Hill Resort, RR Nagar, Rajarajeshwari Nagar, Bangalore",Bangalore,/bangalore/zero-degree-on-the-hill-brewery-and-kitchen-rajarajeshwari-nagar-bangalore/info,https://b.zmtcdn.com/images/res_avatar_476_320_1x_new.png
Daddy,4.3,26.0,"Continental, North Indian, Asian","963, 12th Main Road, Indiranagar, Bangalore",Bangalore,/bangalore/daddy-indiranagar-bangalore/info,https://b.zmtcdn.com/data/pictures/6/19092616/dae282ca6478547226ced8840bc2ba6f_featured_v2.jpg
Ironhill Forum South Bengaluru,4.5,10.0,"North Indian, Pizza, Fast Food","4th floor, Cross Metro Station, Forum South Bengaluru, Anjanadri Layout, Konanakunte, Bengaluru, Karnataka, Kumaraswamy Layout, Bangalore",Bangalore,/bangalore/ironhill-forum-south-bengaluru-kumaraswamy-layout-bangalore/info,https://b.zmtcdn.com/data/pictures/8/21592908/3d773d5a761a3fcdf1f6d8643bf13f07_featured_v2.jpg
Kappa Chakka Kandhari,4.5,2922.0,"Kerala, South Indian, Desserts","438, 18th Main Road, Koramangala 6th Block, Bangalore",Bangalore,/bangalore/kappa-chakka-kandhari-koramangala-6th-block-bangalore/info,https://b.zmtcdn.com/data/pictures/7/19250177/c9abe54d6441d21b6caf9691d9e6f41b_featured_v2.jpg
Pizza 4P's,4.1,453.0,"Pizza, Pasta","No-3275/A, 12th Main Road, HAL 2nd Stage, Ward 72, Indiranagar, Bangalore",Bangalore,/bangalore/pizza-4ps-indiranagar-bangalore/info,https://b.zmtcdn.com/data/pictures/3/21067803/82134a33604bd7a7977f719f9d34ff24_featured_v2.jpg
Mahesh Lunch Home,4.2,4965.0,"Seafood, Mangalorean, South Indian","2011, First Floor, HAL Second Stage, Indiranagar, Bangalore",Bangalore,/bangalore/mahesh-lunch-home-1-indiranagar-bangalore/info,https://b.zmtcdn.com/data/pictures/6/19918506/fc4ffec828336b632fd59e18b25fa085_featured_v2.jpg
Magic Mocktails Cafe,3.9,9.0,"Beverages, Pizza, Burger","GST Office Building, Chanapatna, Bangalore",Bangalore,/bangalore/magic-mocktails-cafe-2-chanapatna-bangalore/info,https://b.zmtcdn.com/data/pictures/5/21136495/9189886080e6390199708c66ee77671e_o2_featured_v2.jpg
Quarter Peter,4.0,527.0,"Bar Food, South Indian","23, Ground Floor, KHB Colony, Koramangala Industrial Layout, 1st Main Road, Koramangala 7th Block, Bangalore",Bangalore,/bangalore/quarter-peter-koramangala-7th-block-bangalore/info,https://b.zmtcdn.com/images/res_avatar_476_320_1x_new.png
The Brew Factory Brewery Pub & Kitchen,4.2,11.0,"American, Continental, European","166, 4th Floor, MEI Colony, 3rd Phase, 5th Cross Road, Peenya, Bangalore",Bangalore,/bangalore/the-brew-factory-brewery-pub-kitchen-peenya-bangalore/info,https://b.zmtcdn.com/data/pictures/0/21832530/a4e05c5c6400c734498cf21c0223d86d_featured_v2.jpg
Xero Degrees,4.0,1520.0,"Cafe, Coffee, Fast Food","126, KHB Colony, Koramangala 5th Block, Bangalore",Bangalore,/bangalore/xero-degrees-koramangala-5th-block-bangalore/info,https://b.zmtcdn.com/data/pictures/0/20535860/4bd9a08bbcf303fc4092e72236d6b0c3_featured_v2.jpg
Helen & Lorena's Place,4.234118852459017,1991.6997950819673,"Portuguese, Spanish, Mediterranean","Ground Floor, Kodathi Gate, 117-1, Sarjapur-Marathahalli Road, Sarjapur Road, Bangalore",Bangalore,/bangalore/helen-lorenas-place-sarjapur-road-bangalore/info,https://b.zmtcdn.com/images/res_avatar_476_320_1x_new.png
Jook Taproom,4.1,5627.0,"North Indian, South Indian, Chinese","3, 4th Floor, Smart Square Complex, 100 Feet Road, Indiranagar, Bangalore",Bangalore,/bangalore/jook-taproom-indiranagar-bangalore/info,https://b.zmtcdn.com/data/pictures/3/20210803/f5f286c45577f0999497d11938f95b10_featured_v2.jpg
Tall Oaks,4.3,12.0,"Asian, Italian, Pizza","152/24-1, Bangalore East, Seegehalli, Bangalore",Bangalore,/bangalore/tall-oaks-seegehalli-bangalore/info,https://b.zmtcdn.com/data/pictures/5/21211415/8eeee36a700cb13e51bf79417dd389ea_featured_v2.jpg
403 Forbidden Bar,4.2,356.0,"Asian, European","789/A, First Floor, Hal 2nd Stage, Indiranagar, Bangalore",Bangalore,/bangalore/403-forbidden-bar-indiranagar-bangalore/info,https://b.zmtcdn.com/images/res_avatar_476_320_1x_new.png
Atlantis,4.2,6212.0,"North Indian, Asian","Survey 38, 38/5 Sarjapur Marathahalli Road, Agara Village, First Block Koramangala HSR Layout, Bengaluru",Bangalore,/bangalore/atlantis-hsr-bangalore/info,https://b.zmtcdn.com/data/pictures/5/21610295/cb394b2058069b56e828b015f021cbf1_featured_v2.jpg
Betta Restobar,4.2,148.0,"North Indian, South Indian, Pizza","Shop 370, 14th Cross Road, Armane Nagar, Sadashiv Nagar, Bangalore",Bangalore,/bangalore/betta-restobar-sadashiv-nagar-bangalore/info,https://b.zmtcdn.com/data/pictures/6/22773516/f7161582-ecb7-45bc-8271-b55cb1583234_o2_featured_v2.jpeg
Candles  Brewhouse,4.2,9941.0,"Italian, Continental, American","12th Floor, Near Godrej Apartments, Bellary Road, Hebbal, Bangalore",Bangalore,/bangalore/candles-brewhouse-hebbal-bangalore/info,https://b.zmtcdn.com/data/pictures/0/20507470/5ed60babeef5ed7fa4f6aa25c156a2ce_featured_v2.jpg
BudBee 104 Resto Bar,4.3,196.0,"North Indian, Chinese, Biryani","65, 5th Block, Jyoti Nivas College Road, Koramangala 7th Block, Bangalore",Bangalore,/bangalore/budbee-104-resto-bar-koramangala-7th-block-bangalore/info,https://b.zmtcdn.com/images/res_avatar_476_320_1x_new.png
Byg Brewski Brewing Company,4.4,86.0,"North Indian, Continental, Asian","10/61/2A/2 & 10/62/2A/3, Doddakannenahalli, Sarjapur Road, Bangalore",Bangalore,/bangalore/byg-brewski-brewing-company-sarjapur-road-bangalore/info,https://b.zmtcdn.com/data/pictures/2/58882/c2e419698cbb81a9296eece989158f64_featured_v2.jpg
Mamagoto,4.3,6553.0,"Asian, Chinese, Thai","618, 3rd Floor, HAL 2nd Stage, 12th Main Road, Indiranagar, Bangalore",Bangalore,/bangalore/mamagoto-indiranagar/info,https://b.zmtcdn.com/data/pictures/8/58698/b0252c9fc00b76581ca1157a9adbc5f5_featured_v2.jpg
Oyster Bar & Kitchen,4.2,29.0,"North Indian, Chinese, Continental","36, Third Floor, 14 Main Road, Sector 7, HSR, Bangalore",Bangalore,/bangalore/oyster-bar-kitchen-hsr-bangalore/info,https://b.zmtcdn.com/data/pictures/5/19231655/8430ddcf296afb35d75ca9e14f7dfca6_featured_v2.jpg
La Gioia - Italian Bar and Restaurant | Pizzeria,4.2,1347.0,"Pizza, Pasta, Italian","1085, 1st & 2nd Floor, 12th Main Road, H.A.L. 2nd Stage, Indiranagar, Bangalore",Bangalore,/bangalore/la-gioia-italian-bar-and-restaurant-pizzeria-indiranagar-bangalore/info,https://b.zmtcdn.com/data/pictures/7/21357887/60911c02a4509bbf3c826b1f8b302d53_featured_v2.jpg
Mannheim Craft Brewery,4.4,5140.0,"North Indian, Asian, American","40H, Whitefield Road, Doddanakundi Industrial Area 2, Phase II, Hoodi, Bengaluru, Whitefield, Bangalore",Bangalore,/bangalore/mannheim-craft-brewery-whitefield-bangalore/info,https://b.zmtcdn.com/data/pictures/6/21397436/3b4b61e1e7137ff28ec8c2ef736bae6d_featured_v2.jpg
1131 Bar + Kitchen By House Of Commons,4.3,15.0,"Finger Food, North Indian, Continental","Hal 2 Stage, 100 Feet Road, Indiranagar, Bangalore",Bangalore,/bangalore/1131-bar-kitchen-by-house-of-commons-indiranagar-bangalore/info,https://b.zmtcdn.com/data/pictures/2/18580202/6c99c582adb2a8a19f3d35515c692f6b_featured_v2.jpg
The Golden Circle Brewery,4.2,8557.0,"North Indian, Chinese, South Indian","41/9, 154/41/9, BBMP, Doddakanneli, Carmelram, Sarjapur Road, Bangalore",Bangalore,/bangalore/the-golden-circle-brewery-sarjapur-road-bangalore/info,https://b.zmtcdn.com/data/pictures/1/21568331/d86a3fbfa151d2754dec58f3c6f841d9_featured_v2.jpg
The Wild Fork,4.5,649.0,"North Indian, Chinese, South Indian","La Marvella, 1, South End Circle, 14th Cross Road, Next to Infosys Science Foundation, 2nd Block Jayanagar, Bangalore",Bangalore,/bangalore/the-wild-fork-jayanagar-bangalore/info,https://b.zmtcdn.com/data/pictures/6/22403716/7c55479404e5d411ef7e1c39a07582cd_o2_featured_v2.jpg
Macaw By Stories,4.2,15.0,"South Indian, North Indian, Chinese","2224, 2225, AECS Layout, Near Singasandra, Hosur Main Road, Bommanahalli, Bangalore",Bangalore,/bangalore/macaw-by-stories-bommanahalli-bangalore/info,https://b.zmtcdn.com/data/pictures/4/20707544/cca41bc2179e9056c884b03dc6bf6318_featured_v2.jpg
Subz,4.2,4946.0,"North Indian, Chinese, Desserts","Ground Floor, Cosmopolitan Club, 3rd Block, 22nd Cross, Jayanagar, Bangalore",Bangalore,/bangalore/subz-jayanagar/info,https://b.zmtcdn.com/data/pictures/5/51815/c8a05aafc98d679b7213cbfda0e34c5e_featured_v2.jpg
Stories Brewery & Kitchen,4.3,28.0,"North Indian, Continental, Chinese","348/1/2, 29th Main, 2nd Stage, Lake Road, BTM Layout Near Blue Dart, South Bangalore -560076, BTM, Bangalore",Bangalore,/bangalore/stories-brewery-kitchen-btm-bangalore/info,https://b.zmtcdn.com/data/pictures/8/18811668/5bb4f1dfee4b7eafaae4f8b6398d90c6_featured_v2.jpg
HOD - House Of Dopamine,4.1,2030.0,"Continental, Chinese, Asian","36, 5th Block, 4th B Cross Road, Koramangala 7th Block, Bangalore",Bangalore,/bangalore/hod-house-of-dopamine-koramangala-7th-block-bangalore/info,https://b.zmtcdn.com/data/pictures/5/21568665/f547626d9f962d6d8a2155fabeb5d656_featured_v2.jpg
Thyme and Whisk,4.2,2184.0,"Continental, Asian, North Indian","Second Floor, Skywards Sun Park, Phase 1, Electronic City, Bangalore",Bangalore,/bangalore/thyme-and-whisk-electronic-city-bangalore/info,https://b.zmtcdn.com/data/pictures/6/21040636/c10a0cd94b0df24a6a0bc2992ccb3552_featured_v2.jpg
21st Amendment Gastrobar,4.4,9618.0,"North Indian, Pasta, Chinese","1211, 100 Feet Road, Near Peter England Generation, Doopanahalli, Indiranagar, Bangalore",Bangalore,/bangalore/21st-amendment-gastrobar-indiranagar-bangalore/info,https://b.zmtcdn.com/data/pictures/5/19189145/fe6d6e015dbe4fcacb3e4c275e4832f0_featured_v2.jpg
Suka Brew and Kitchen,4.3,4294.0,"North Indian, Seafood, Salad","1755, 1st Floor, 60 Feet Road, 8th Block, Muddinapalaya Main Road, Vishweshwaraiah Layout, Nagarbhavi, Bangalore",Bangalore,/bangalore/suka-brew-and-kitchen-nagarbhavi-bangalore/info,https://b.zmtcdn.com/data/pictures/7/22354767/06b85939f0ac40ddf8431196bb746471_o2_featured_v2.jpg
Food Springs,4.2,3127.0,"Chinese, Asian, Beverages","66/1, 1st Floor, 4th Block, 7th Main Road, Jayanagar, Bangalore",Bangalore,/bangalore/food-springs-jayanagar/info,https://b.zmtcdn.com/data/pictures/chains/5/17956705/58d3fc67130328a4d5908660beb628bd_featured_v2.jpg
Nusa Tropical Brewvilla,4.2,17.0,"North Indian, Asian, Continental","23 A Chaithanya Sharan X, Gunjur Village, Varthur Main Road, Whitefield, Bangalore",Bangalore,/bangalore/nusa-tropical-brewvilla-varthur-main-road-whitefield-bangalore/info,https://b.zmtcdn.com/data/pictures/0/20980240/df8567148bb180fa6ee75e876db2b109_featured_v2.jpg
BRAU GALIE MICROBREWERY,4.6,1377.0,"North Indian, South Indian, Biryani","4th B cross, 5th block 25, Koramangala Karnataka, Koramangala 5th Block, Bangalore",Bangalore,/bangalore/brau-galie-microbrewery-1-koramangala-5th-block-bangalore/info,https://b.zmtcdn.com/data/pictures/0/21796000/0ec844d351bc2a5a85c58f24619e1e00_featured_v2.jpg
Legends Microbrewery,4.1,2138.0,Continental,"Balagere, Devasthanagalu, Varthur Main Road, Whitefield, Bangalore",Bangalore,/bangalore/legends-microbrewery-varthur-main-road-whitefield-bangalore/info,https://b.zmtcdn.com/data/pictures/1/22681421/3b017e381ae173b2eb598cec3e0b090e_featured_v2.jpg
Arena Brewhouse,4.2,637.0,"Continental, Japanese, Middle Eastern","First floor, No 48, Indiranagar Karnataka, Indiranagar, Bangalore",Bangalore,/bangalore/arena-brewhouse-2-indiranagar-bangalore/info,https://b.zmtcdn.com/data/pictures/9/22212769/4a529ed7512dd00d24d106e5f53fbb9f_o2_featured_v2.jpg
Kalpaney,4.5,1827.0,"South Indian, North Indian, Asian","Shop 07, Phase 5, Marenahalli Road, JP Nagar, Bangalore",Bangalore,/bangalore/kalpaney-jp-nagar-bangalore/info,https://b.zmtcdn.com/images/res_avatar_476_320_1x_new.png
Koramangala SOCIAL,4.3,16.0,"North Indian, Chinese, Mexican","118, 3rd Floor, Industrial Area, 80 Feet Road, Koramangala 7th Block, Bangalore",Bangalore,/koramangalasocial/info,https://b.zmtcdn.com/data/pictures/3/18385443/51aa6cb08e9977a96432be5718b80bad_featured_v2.jpg
Jollygunj,4.3,5146.0,"North Indian, Asian, Alcoholic Beverages","17/A, 3rd & 4th Floor, 15th Cross, 3rd Phase, Outer Ring Road, JP Nagar, Bangalore",Bangalore,/bangalore/jollygunj-jp-nagar-bangalore/info,https://b.zmtcdn.com/data/pictures/0/21538950/8509792e9442ecc4d9ed4694f07993a0_featured_v2.jpg
Daffy's Brewgarden,4.2,1007.0,"South Indian, Bar Food","48, 100 Feet Road, Indiranagar, Bangalore",Bangalore,/bangalore/daffys-brewgarden-indiranagar-bangalore/info,https://b.zmtcdn.com/data/pictures/7/19613017/6a89febf47741177e96d5b1285e737ad_featured_v2.jpg
Roxie,4.5,23.0,"Continental, Asian, North Indian","26, PWD Quarters, Amblipura, Haralur Main Road, HSR Layout, Near HP Petrol Station, Sarjapur Road, Bangalore",Bangalore,/bangalore/roxie-sarjapur-road-bangalore/info,https://b.zmtcdn.com/data/pictures/0/20531530/1648d4ad82f26c2c39bdb587b6c1ff76_featured_v2.jpg
Ganbeii,4.0,1980.0,"Continental, Desserts, Kerala","91, Near Jyoti Nivas College Road, Koramangala 7th Block, Bangalore",Bangalore,/bangalore/ganbeii-koramangala-7th-block-bangalore/info,https://b.zmtcdn.com/data/pictures/2/21061552/b1c264feb1115b35907a1dd727232e4c_featured_v2.jpg
Old Mill Brewing Co,4.2,8175.0,"South Indian, North Indian, Asian","237/4, 237/5, 237/15, Gunjur Village, Varthur Main Road, Whitefield, Bangalore",Bangalore,/bangalore/old-mill-brewing-co-varthur-main-road-whitefield-bangalore/info,https://b.zmtcdn.com/data/pictures/4/21802284/d3bc61c9c03962e7e0b4e10b5150bd09_featured_v2.jpg
The Reservoire,4.4,14.0,"Continental, Asian, Bar Food","14, Near JNC Road, 17th Main Road, Koramangala 5th Block, Bangalore",Bangalore,/bangalore/the-reservoire-koramangala-5th-block/info,https://b.zmtcdn.com/data/pictures/5/18537585/309c2296f1bcc55ca8a006c5bba58ccd_featured_v2.jpg
Sky Garden,3.9,13.0,"Continental, North Indian, Pizza","3rd Floor, HVP Aster, Garudacharpalya, Oppsite Brigade Metropolis, Whitefield, Bangalore",Bangalore,/bangalore/sky-garden-whitefield-bangalore/info,https://b.zmtcdn.com/data/pictures/7/19209267/3b223b30411a122e35ae4c2d8b4b2c9c_featured_v2.jpg
Vesparo,4.2,1979.0,"North Indian, Chinese, Asian","PID 74-1-2018, 2nd, 3rd & 4th Floor, HAL 2nd Stage, Shanthinagara, 100 Feet Road, Indiranagar, Bangalore",Bangalore,/bangalore/vesparo-indiranagar-bangalore/info,https://b.zmtcdn.com/data/pictures/4/22031484/6fa73f109bfd3197c86b44951be0f917_featured_v2.jpg
Tyla brewery & kitchen,4.0,1598.0,"Italian, North Indian, South Indian","3rd Floor, 57, 1st Cross Road, Sarakki Industrial Layout, Dollar Layout, 3rd Phase, BTM, Bangalore",Bangalore,/bangalore/tyla-brewery-kitchen-btm-bangalore/info,https://b.zmtcdn.com/data/pictures/4/22613444/188ac1dc7f44ef160fd57f5e28202e85_o2_featured_v2.jpg
Jamming Goat 3.0,4.1,1890.0,"South Indian, Asian, Thai","1st & 2nd Floor, 2010 PID- 74-1, HAL Second Stage, 100 Feet Road, Indiranagar, Bangalore",Bangalore,/bangalore/jamming-goat-3-0-indiranagar-bangalore/info,https://b.zmtcdn.com/data/pictures/6/20916896/fefe6946d4ab398fb07391083aed7bc4_featured_v2.jpg
The Fisherman's Wharf,4.3,14.0,"North Indian, Chinese, Seafood","26, Opposite Shubh Enclave, Ambalipura Village, Sarjapur Road, Bangalore",Bangalore,/bangalore/the-fishermans-wharf-sarjapur-road/info,https://b.zmtcdn.com/data/pictures/4/53144/ec65ec3cae2ab059e8fae9ea3fc696e9_featured_v2.jpg
Vanamo,4.2,984.0,"Cafe, Continental, Coffee","368, Ground Floor, Hal 2nd Stage, 100 Feet Road, Indiranagar, Bangalore",Bangalore,/bangalore/vanamo-indiranagar-bangalore/info,https://b.zmtcdn.com/data/pictures/9/21298169/66770a429d286e3b683f9e05520f0dbf_featured_v2.jpg
Chifa,4.5,627.0,"South Indian, North Indian, Asian","90/1B, 3rd & 4th Floor, Kings Cross, Marathahalli, Bangalore",Bangalore,/bangalore/chifa-marathahalli-bangalore/info,https://b.zmtcdn.com/data/pictures/1/22711401/411254363db41dba79c2d9e0b6bef53e_o2_featured_v2.jpg
Smoke House Deli,4.4,17.0,"Continental, Italian, BBQ","1209, 100 Feet Road, HAL 2nd Stage, Indiranagar, Bangalore",Bangalore,/SmokeHouseDeli-Indiranagar/info,https://b.zmtcdn.com/data/pictures/7/54397/500b9e0e2fe7d609c1673b338f5e7d11_featured_v2.jpg
Red Rhino,4.3,29.0,"Mediterranean, North Indian, Asian","4th Floor, Uptown Square, Seegehalli, Hoskote Road, Near Alliance 10 Downing Villas, Whitefield, Bangalore",Bangalore,/bangalore/red-rhino-whitefield-bangalore/info,https://b.zmtcdn.com/data/pictures/0/18492910/89659ceea62f11fde5b0e213a11cadbf_featured_v2.jpg
Yazu Pan Asian Supper Club,4.2,402.0,"Asian, Chinese, Sushi","Marks Square, St Mark's Road, Shanthala Nagar, Ashok Nagar, Bangalore",Bangalore,/bangalore/yazu-pan-asian-supper-club-ashok-nagar-bangalore/info,https://b.zmtcdn.com/data/pictures/6/22311906/133b5347086186c39a26a8840a93b109_o2_featured_v2.jpg
Unalii Brew Park,4.3,636.0,"Bar Food, Continental, Chinese","Survey 19, Hulimavu, Near Hiranandani, Bannerghatta Road, Bangalore",Bangalore,/bangalore/unalii-brew-park-bannerghatta-road-bangalore/info,https://b.zmtcdn.com/data/pictures/1/22791241/0f5c6449067145a9195c013b83520a89_o2_featured_v2.jpg
"KICO - Community, Cocktail, Coffee",4.3,106.0,"North Indian, American, Italian","Marks Square, St Mark's Road, Shanthala Nagar, Ashok Nagar, Church Street, Bangalore",Bangalore,/bangalore/kico-community-cocktail-coffee-church-street-bangalore/info,https://b.zmtcdn.com/images/res_avatar_476_320_1x_new.png
Gnome,4.3,1579.0,"Sandwich, Continental, Mediterranean","13/1, Embassy Tech Square, Hobli, Main Road, Kadubeesanahalli, Bangalore",Bangalore,/bangalore/gnome-kadubeesanahalli-bangalore/info,https://b.zmtcdn.com/data/pictures/8/22409588/da9befb279e312dca373a95d48dc2381_o2_featured_v2.jpg
The Dual Room,4.2,300.0,"American, South American, Mexican","Ground Floor, 12th Main, Indiranagar, Thippasandra, Bangalore",Bangalore,/bangalore/the-dual-room-thippasandra-bangalore/info,https://b.zmtcdn.com/images/res_avatar_476_320_1x_new.png
AnTeRa Kitchen And Bar,4.2,8167.0,"South Indian, North Indian, Biryani","Outer Ring Road, Marathahalli, Bangalore",Bangalore,/bangalore/antera-kitchen-and-bar-marathahalli-bangalore/info,https://b.zmtcdn.com/data/pictures/5/21569265/248eb69963a5555b6c0bed0450f6437f_featured_v2.jpg
Lucky Chan - Dimsum & Sushi Parlour,4.3,5890.0,"Chinese, Asian, Japanese","594, HAL 2nd Stage, 12th Main Road, Indiranagar, Bangalore",Bangalore,/bangalore/lucky-chan-dimsum-sushi-parlour-indiranagar-bangalore/info,https://b.zmtcdn.com/data/pictures/7/19345307/b1b534e3c1759ce1ed15e5b359aa5a74_featured_v2.jpg
District 6 Pub Brewery & Kitchen,4.4,6332.0,"North Indian, Pizza, Italian","G 3-4-5, Ground Floor, Brigade Gateway Campus, Malleshwaram, Bangalore",Bangalore,/bangalore/district-6-pub-brewery-kitchen-malleshwaram-bangalore/info,https://b.zmtcdn.com/data/pictures/5/19619585/8345eb23421d7d4fb23b1c7d380b0efd_featured_v2.jpg
YUKI,4.5,7835.0,"Asian, Japanese, Sushi","839/1, 2nd Floor, Binnamangala First Stage, Indiranagar, Bangalore",Bangalore,/bangalore/yuki-indiranagar-bangalore/info,https://b.zmtcdn.com/data/pictures/5/20937615/595db5b56cde4ddc205dd89cd1770bee_featured_v2.jpg
Bramble,4.2,8909.0,"Continental, Asian, North Indian","5th Floor, Le Foliage Building, CR Layout, 1st Phase, Marenhalli Road, Jayanagar, Bangalore",Bangalore,/bangalore/bramble-jayanagar-bangalore/info,https://b.zmtcdn.com/data/pictures/chains/9/20439699/956ac9bf8427f9cf3fab6cab1d5ed389_featured_v2.jpg
Si Nonna's - The Original Sourdough Pizza,4.5,743.0,"Pizza, Italian, Desserts","64, Ground Floor, Evantha Praha, 1st Main, Koramangala 7th Block, Bangalore",Bangalore,/bangalore/si-nonnas-the-original-sourdough-pizza-1-koramangala-7th-block-bangalore/info,https://b.zmtcdn.com/data/pictures/3/21682783/b6031c6112ba1ef2aef36cee5985aee6_o2_featured_v2.jpg
Peepai,4.4,8848.0,"North Indian, Pizza, Chinese","102/1 & 120/2, Ground Floor, GM Arcade, Bellery Road, Hebbal, Bangalore",Bangalore,/bangalore/peepai-3-hebbal-bangalore/info,https://b.zmtcdn.com/data/pictures/5/20250255/c19f3dcc926061222e5f600f2fd24a66_featured_v2.jpg
Skygarden Bar & Kitchen,4.2,7036.0,Chinese,"NO.132, GROUND FLOOR & FIRST FLOOR, 17TH MAIN, 1ST CKOSS, Koramangala 5th Block, Bangalore",Bangalore,/bangalore/skygarden-bar-kitchen-koramangala-5th-block-bangalore/info,https://b.zmtcdn.com/data/pictures/9/21007569/0d99980ce889f3dff4d332ceab150d60_featured_v2.jpg
Skyroot by TOF,4.3,6041.0,"Continental, Asian, North Indian","4th Floor, 1325/4, Arekere, Shantiniketan Layout, Arekere, Bannerghatta Road, Bangalore, Karnataka",Bangalore,/bangalore/skyroot-by-tof-bannerghatta-road-bangalore/info,https://b.zmtcdn.com/data/pictures/6/21623466/8dac48758e831fc9803e20b7129b740c_featured_v2.jpg
Sultans Of Spice,4.4,6832.0,"North Indian, Mughlai, Afghan","Asha Regency, 60, Koramangala Industrial Layout, BTM Layout, Koramangala 5th Block, Bangalore",Bangalore,/bangalore/sultans-of-spice-koramangala-5th-block-bangalore/info,https://b.zmtcdn.com/data/pictures/3/50943/bed76bbb81a38d9c1ac0a2c3d3ff6f4d_featured_v2.jpg
Levels Microbrewery,4.1,1242.0,"Pizza, Pasta, South Indian","87, Kendra Upadhyayara Sangha Layout, Near Baseline Sports, Nagarbhavi, Bangalore",Bangalore,/bangalore/levels-microbrewery-nagarbhavi-bangalore/info,https://b.zmtcdn.com/data/pictures/4/22414464/d5a9f27045d585d7790f2741fbe9a31f_o2_featured_v2.jpg
Brooks And Bonds Brewery,4.1,22.0,"Continental, American, North Indian","4, 100 Feet Road, Koramangala 5th Block, Bangalore",Bangalore,/bangalore/brooks-and-bonds-brewery-koramangala-5th-block-bangalore/info,https://b.zmtcdn.com/data/pictures/7/18605417/e1a83d2a4bcf00d86e787ea6e1ae6a15_featured_v2.jpg
Brew Mill,4.3,2341.0,"North Indian, Chinese, South Indian","Shop No 4 Survey No 331 Hulimangala Main Road, Neeladri Road, Electronic City, Bangalore",Bangalore,/bangalore/brew-mill-1-electronic-city-bangalore/info,https://b.zmtcdn.com/data/pictures/4/22385804/bc22df14ff59e5a9cd89f2d12c09d151_o2_featured_v2.jpg
Amicii,4.5,1318.0,"Pizza, Liquor, Asian","840/1, Metro Pillar 56-57, 100 Feet Road, 1st Stage, Indira Nagar 1st Stage, H Colony, Indiranagar, Bangalore",Bangalore,/bangalore/amicii-indiranagar-bangalore/info,https://b.zmtcdn.com/data/pictures/1/21971021/a766d6dc83d1d08cd9347bd1bd088955_featured_v2.jpg
High Ultra Lounge - Sheraton Grand Bangalore Hotel,4.2,13.0,"North Indian, Continental, Finger Food","26/1, 31st Floor, World Trade Centre, Brigade Gateway Campus, Dr. Rajkumar Road, Malleshwaram, Bangalore",Bangalore,/bangalore/high-ultra-lounge-sheraton-grand-bangalore-hotel-malleshwaram-bangalore/info,https://b.zmtcdn.com/data/pictures/7/57177/5ebae9d95d540552b13dbe6e8b94d046_featured_v2.jpg
KOKO,4.6,2602.0,"Asian, Sushi, Chinese","4121/S Hal, Prestige Icon, 2nd Stage, Kodihalli, Jeevan Bima Nagar, Old Airport Road, Bangalore",Bangalore,/bangalore/koko-airport-road-bangalore/info,https://b.zmtcdn.com/data/pictures/1/20829551/3a2f2fdd07972c45af98336a22319671_featured_v2.jpg
Copper Chimney,4.4,8347.0,"North Indian, Mughlai, Biryani","1st Floor, Phoenix Market City, Whitefield Main Road, Mahadevapura, Bangalore",Bangalore,/bangalore/copper-chimney-mahadevapura-bangalore/info,https://b.zmtcdn.com/data/pictures/9/18857899/9c87592b38a8c913edaa4528154fed63_featured_v2.jpg
The Balcony Bar,3.5,4480.0,"North Indian, Fast Food, Chinese","NO.303, GROUND AND 1ST FLOOR, BINNAMANGALA 1ST STAGE, HOYSALANAGAR, 100FT ROAD, INDIRANAGAR, BANGALORE., Shanthinagara, B.B.M.P East, Karnataka-560038, Karnataka",Bangalore,/Barebones/info,https://b.zmtcdn.com/data/pictures/chains/4/59744/24c2c865203ae86c8778fd6766abc784_featured_v2.jpg
PAUL,4.3,1147.0,"French, Salad, Pizza","26/1, Unit UG-9B, Uppe, Rajajinagar Extension, Subramanya Nagar, Orion Mall, Near Lake Side Of Mall, Opposite Industrial Suburb, Malleshwaram, Bangalore",Bangalore,/bangalore/paul-malleshwaram-bangalore/info,https://b.zmtcdn.com/data/pictures/7/22389357/13178543e1de216ecbc7e7aada94ad06_o2_featured_v2.jpg
Moai,3.8,3660.0,"North Indian, Andhra, Chinese","SITE NO. 790, 34TH A CROSS, 9TH MAIN ROAD, 4TH BLOCK, B.B.M.P South, Jayanagar, Bangalore",Bangalore,/bangalore/moai-1-jayanagar-bangalore/info,https://b.zmtcdn.com/data/pictures/3/21812243/80062fcc7754e4ccf611d349052f9b3d_featured_v2.jpg
Tuk Tuk Thai - Pure Veg Asian Fine Dine,4.4,1043.0,"Thai, Salad, Sushi","619 Ward 57 New BBMP Ward 178 15th Cross 6th Phase JP Nagar, Jayanagar, JP Nagar, Bangalore",Bangalore,/bangalore/tuk-tuk-thai-pure-veg-asian-fine-dine-1-jp-nagar-bangalore/info,https://b.zmtcdn.com/data/pictures/8/21198148/f282cf137721a679c99a7a8e0415393a_featured_v2.jpg
Sable Cafe,3.6,490.0,"Italian, Pizza, Sandwich","2726, Lakshmi Narayan Niwas, HAL 3rd Stage, Near Swapna Book House, 80 Feet Road, Indiranagar, Bangalore",Bangalore,/bangalore/sable-cafe-indiranagar-bangalore/info,https://b.zmtcdn.com/data/pictures/9/22282789/7d422a55861b1dae2571cf15af552444_o2_featured_v2.jpg
9889 Garden Bar & Kitchen,4.4,2765.0,"Chinese, Seafood, North Indian","Survey 86, Ananthapura Village, Opposite Atturu Lake, Yelahanka, Bangalore",Bangalore,/bangalore/9889-garden-bar-kitchen-yelahanka-bangalore/info,https://b.zmtcdn.com/data/pictures/9/22203259/c5ff7909cc06241ad2ed0263fb056967_featured_v2.jpg
LIT Gastro Pub,3.9,3645.0,"Continental, North Indian, Chinese","29, Shanthala Nagar, Off MG Road, Church Street, Bangalore",Bangalore,/bangalore/lit-gastro-pub-church-street-bangalore/info,https://b.zmtcdn.com/data/pictures/5/19927755/701cebbd175a4cdd80b53d66b98c6fe6_featured_v2.jpg
Toit,4.6,18.0,"Italian, American, European","298, Namma Metro Pillar 62, 100 Feet Road, Indiranagar, Bangalore",Bangalore,/bangalore/toit-indiranagar/info,https://b.zmtcdn.com/data/pictures/5/51705/008f270e04726946bdfc6f84b6aa3b9a_featured_v2.jpg
Le Grapes Restobar,4.1,2572.0,"Finger Food, North Indian, Chinese","31, 4th Floor, WOC, 2nd Block, Rajajinagar, Bangalore",Bangalore,/bangalore/le-grapes-restobar-rajajinagar-bangalore/info,https://b.zmtcdn.com/data/pictures/7/19270337/b10070f67de66fab2c3f1c318381c5f0_featured_v2.jpg
Chin Lung Brewery,4.1,6971.0,"Bar Food, Beverages","1135, Hal, 2nd Stage, 100 Feet Road, Indiranagar, Bangalore",Bangalore,/bangalore/chin-lung-brewery-indiranagar-bangalore/info,https://b.zmtcdn.com/data/pictures/5/21388945/101f704fc819897abc4e9ae41192df3f_featured_v2.jpg
Homiga,4.7,2085.0,"Korean, Asian","2nd Floor, Forum Rex Walk, Shanthala Nagar, Ashok Nagar, Brigade Road, Bangalore",Bangalore,/bangalore/homiga-brigade-road-bangalore/info,https://b.zmtcdn.com/data/pictures/2/21020882/0a6f6cb59cf2fc11036484efa372a5bd_featured_v2.jpg
Hakuna Matata,4.4,20.0,"Beverages, Biryani, Desserts","1231/35/2, 24th Main, 7th Phase, JP Nagar, Bangalore",Bangalore,/bangalore/hakuna-matata-jp-nagar/info,https://b.zmtcdn.com/data/pictures/6/59446/dcc8ff3319503599acd8d40319e85a0b_featured_v2.jpg
Founders Brewery,4.1,1560.0,"North Indian, South Indian, Chinese","No 3, 80ft Road Road ashwath nagar, Aramane Nagar, Karnataka, Sanjay Nagar, Bangalore",Bangalore,/bangalore/founders-brewery-sanjay-nagar-bangalore/info,https://b.zmtcdn.com/data/pictures/1/21558641/b5f02bd7e6f604b72ce4e3e3cf565769_featured_v2.jpg
Big Pitcher,4.3,10.0,"North Indian, Desserts","116/9, Doddakannelli Village, Varthur Hobli, Sarjapur Road, Bangalore",Bangalore,/bangalore/big-pitcher-sarjapur-road-bangalore/info,https://b.zmtcdn.com/data/pictures/5/19300895/1486e6613203825e2640e775fccfb358_featured_v2.jpg
EVO,4.2,726.0,"Asian, Chinese, North Indian","244, 2nd Main Rd, 7th Block, Near City College, Jayanagar, Bangalore",Bangalore,/bangalore/evo-jayanagar-bangalore/info,https://b.zmtcdn.com/images/res_avatar_476_320_1x_new.png
Tiamo - Conrad Bengaluru,4.3,1866.0,"Italian, Mediterranean","25/3, Kensington Road, Someshwarpura, Halasuru, Ulsoor, Bangalore",Bangalore,/bangalore/tiamo-conrad-bengaluru-ulsoor/info,https://b.zmtcdn.com/data/pictures/5/18630495/a65a7a92df6c051c1a0c090de39d58e8_featured_v2.jpg
The Azulian House,4.4,164.0,South American,"23, HAL Old Airport Road, HAL 2nd Stage, Kodihalli, Old Airport Road, Bangalore",Bangalore,/bangalore/the-azulian-house-airport-road-bangalore/info,https://b.zmtcdn.com/images/res_avatar_476_320_1x_new.png
Underdoggs Hebbal,3.9,2736.0,"North Indian, Continental, Pizza","26, Ground Floor, Godrej Centre, Byatarayanapura, Sahakara Nagar, Bangalore",Bangalore,/bangalore/underdoggs-hebbal-sahakara-nagar-bangalore/info,https://b.zmtcdn.com/data/pictures/8/21437628/aaefe5d8c850b68ce43a5d916a4f7c2e_featured_v2.jpg
Citrus - The Leela Palace,4.1,3021.0,"North Indian, Indo-Chinese, Street Food","23, Stage 2, The Leela Palace, Lobby Level, Old Airport Road, Bangalore",Bangalore,/bangalore/citrus-the-leela-palace-airport-road/info,https://b.zmtcdn.com/data/pictures/8/55768/cfa966bf35dd12b4ccce173e17021baa_featured_v2.jpg
Just BLR,4.0,12.0,"Snacks, Asian, American","185, 1st Floor, Deena Complex, Brigade Road, Bangalore",Bangalore,/bangalore/just-blr-1-brigade-road-bangalore/info,https://b.zmtcdn.com/data/pictures/0/19012590/06c3d7aca07efe51a9f0777f19625087_featured_v2.jpg
Maya,4.3,5911.0,"North Indian, Continental, Pasta","60, 38th Cross, 10th Main Road, 5th Block, Near DTDC, Jayanagar, Bangalore",Bangalore,/bangalore/maya-1-jayanagar-bangalore/info,https://b.zmtcdn.com/data/pictures/9/20080559/bf0acabd97fcd26274399685ff102271_featured_v2.jpg
Kopitiam Lah,4.5,2023.0,"Malaysian, Asian, Beverages","1088, Ground Floor, 12th Main, Hal 2nd Stage, Indiranagar, Bangalore",Bangalore,/bangalore/kopitiam-lah-indiranagar-bangalore/info,https://b.zmtcdn.com/data/pictures/2/21353232/d271e8dc56d988b7fd1ea45713d34cab_featured_v2.jpg
Ration Room,4.0,900.0,"Continental, Italian","No.367, 4th and 5th Floor, 80 Feet Road, Judges Colony, Matadahalli Further Extension, RT Nagar, Bangalore, Hebbala, B.B.M.P North, Karnataka-560032, Karnataka",Bangalore,/bangalore/ration-room-rt-nagar-bangalore/info,https://b.zmtcdn.com/data/pictures/1/22301781/acee9cd5be3a390ed559ea8dbe133e57_o2_featured_v2.jpg
Orah Brew Garden,4.3,10.0,"Pizza, Pasta","1256/1981/1759/1A, 4th Floor, Prestige Plaza, Yelahanka, Bangalore",Bangalore,/bangalore/orah-brew-garden-yelahanka-bangalore/info,https://b.zmtcdn.com/data/pictures/8/20954338/dbec39725ffd7433e37f42cb619b5c14_featured_v2.jpg
Chelvies Coffee,4.3,1486.0,"Coffee, Italian, Beverages","13, HAL III Stage, 14th Main Road, Indiranagar, Bangalore",Bangalore,/bangalore/chelvies-coffee-indiranagar-bangalore/info,https://b.zmtcdn.com/data/pictures/7/21834217/46532284323db3241dbb5e5a10f84c35_featured_v2.jpg
Chili's Grill and Bar,4.3,18.0,"Burger, Mexican, American","26/1, Shop R-3A, Brigade Orion Mall, Rajajinagar, Bangalore",Bangalore,/bangalore/chilis-grill-and-bar-rajajinagar-bangalore/info,https://b.zmtcdn.com/data/pictures/chains/6/53966/0c4d1b90d5074cd7f810b143a1763841_featured_v2.jpg
The Fixx,4.0,1800.0,"North Indian, Continental, Chinese","757, 80 Feet Road, Koramangala 4th Block, Bangalore",Bangalore,/bangalore/the-fixx-1-koramangala-4th-block-bangalore/info,https://b.zmtcdn.com/data/pictures/9/20402369/0790699ac12372d60cfeb2fa6f26fe88_featured_v2.jpg
Smash Guys - Burger Kitchen,3.9,414.0,"Burger, Fast Food, Continental","948, Ground Floor, 12th Main, HAL 2nd Stage, Indiranagar, Bangalore",Bangalore,/bangalore/smash-guys-burger-kitchen-indiranagar-bangalore/info,https://b.zmtcdn.com/data/pictures/9/21919969/6b2d2cf61bbe801261ab43565ec9523c_o2_featured_v2.jpg
No Limmits Lounge And Club,4.0,5711.0,"Chinese, Continental, North Indian","8, 2nd Floor, Allied Grande Plaza, Opposite Garuda Mall, Brigade Road, Bangalore",Bangalore,/bangalore/no-limmits-lounge-and-club-brigade-road-bangalore/info,https://b.zmtcdn.com/data/pictures/6/53566/031d518a5d2af01bc7b5154d4e9347d8_featured_v2.jpg
Terrace By House Of Commons,4.5,7961.0,"Modern Indian, Continental, Asian","1, Fourth Floor, Ward 57, 24 Main, Maranahalli, Phase 2, JP Nagar, Bangalore",Bangalore,/bangalore/terrace-by-house-of-commons-jp-nagar-bangalore/info,https://b.zmtcdn.com/data/pictures/9/20385689/838ff8e3514c2817e615af65d1e61220_o2_featured_v2.jpg
Saarai,4.3,1282.0,"Andhra, Asian","No-728, 13th Cross, 7th Block, Jayanagar, Bangalore",Bangalore,/bangalore/saarai-jayanagar-bangalore/info,https://b.zmtcdn.com/data/pictures/3/21110773/0b34d354c12ec0b868464932aac826ba_featured_v2.jpg
Skyro,4.1,2320.0,"North Indian, Asian, Chinese","58, Udayagiri Elegance, Apoorva Layout 2nd Stage, Yeshwantpur, Hobli, near 80 Feet Main Road, 13th Block, 2 Stage, Nagarbhavi, Bangalore",Bangalore,/bangalore/skyro-nagarbhavi-bangalore/info,https://b.zmtcdn.com/data/pictures/2/21651762/886373a19e909f533dfb951ef0801191_featured_v2.jpg
Geometry Brewery & Kitchen,4.2,7615.0,"Chinese, North Indian, Italian","59, A Block, 8Th Main, Subramanya Nagar, Rajajinagar, Bangalore",Bangalore,/bangalore/geometry-brewery-kitchen-rajajinagar-bangalore/info,https://b.zmtcdn.com/data/pictures/1/19288221/0b9f0da9fc8d9794f9970f0fd96b9d8b_featured_v2.jpg
Burma Burma - Indiranagar,4.6,9207.0,"Asian, Burmese, Bubble Tea","607, Ground Floor, 12th Main, Hal 2nd Stage, Indiranagar, Bangalore",Bangalore,/bangalore/burma-burma-indiranagar-indiranagar-bangalore/info,https://b.zmtcdn.com/data/pictures/0/18625420/1cebdd3bea29c18940b9c4607d555ed2_featured_v2.jpg
Garden By Su,4.2,1696.0,"Italian, Asian, Japanese","499/32-4, 5th Block, 9th Main Road, Jayanagar, Bangalore",Bangalore,/bangalore/garden-by-su-jayanagar-bangalore/info,https://b.zmtcdn.com/data/pictures/5/21310285/146412e48fe63e6b21717b78aeaf80b1_featured_v2.jpg
Cosmo - Hyatt Centric Hebbal Bengaluru,3.9,1112.0,"North Indian, Chinese, Biryani","Survey 43/4, 58/1/709/801/50, Bellary Road, Hebbal, Bangalore",Bangalore,/bangalore/cosmo-hyatt-centric-hebbal-bengaluru-hebbal-bangalore/info,https://b.zmtcdn.com/images/res_avatar_476_320_1x_new.png
Toro Brew House & Kitchen,4.3,1795.0,"North Indian, Continental, Beverages","33/3-A-1/D, Kasaba Hobali, Geddalahalii, Rajgopala Road, Sanjay Nagar, Bangalore",Bangalore,/bangalore/toro-brew-house-kitchen-sanjay-nagar-bangalore/info,https://b.zmtcdn.com/data/pictures/7/21318827/a65c24c65570f3ca38076884bc91af03_featured_v2.jpg
The Soda Factory,4.2,7892.0,"North Indian, Chinese, Pasta","495, 11 & 12, Jnananjyothinagar, Railway Layout, Near RTO Office, Third Main Road, Nagarbhavi, Bangalore",Bangalore,/bangalore/the-soda-factory-nagarbhavi-bangalore/info,https://b.zmtcdn.com/data/pictures/5/20563245/94db70d9e4261de4766d68a7cdfac551_o2_featured_v2.jpg
House Of Commons,4.4,12.0,"Bar Food, North Indian, Italian","57/293/1, 2nd Floor, Marenhalli Village, 2 Phase, 24 Main Road, JP Nagar, Bangalore",Bangalore,/bangalore/house-of-commons-jp-nagar-bangalore/info,https://b.zmtcdn.com/data/pictures/4/19132734/d64462b31872c6259548b74e4d11d836_featured_v2.jpg
Belle Ville Pancake Cafe,4.2,279.0,"Cafe, Desserts, Pancake","Phoenix Marketcity Whitefield Main Road Devasandra Industrial Estate, Mahadevapura, Bangalore",Bangalore,/bangalore/belle-ville-pancake-cafe-1-mahadevapura-bangalore/info,https://b.zmtcdn.com/data/pictures/0/22008690/aa37891011734caea06385985bb3f9a4_o2_featured_v2.jpg
Hoot Craftwork 2.0,3.7,3196.0,"Asian, Chinese, Continental","Survey 2034/69, Block 2, Balaji Hospitality, Kaikondrahalli, Varthur Hobli, B.B.M.P East, Sarjapur Road, Bangalore",Bangalore,/bangalore/hoot-craftwork-2-0-1-sarjapur-road-bangalore/info,https://b.zmtcdn.com/data/pictures/5/22039675/380da010b4729900a956d9c35b767156_featured_v2.jpg
Kaavu,4.2,13.0,"North Indian, Cafe, Italian","Siddapura, Karnataka, Whitefield, Bangalore",Bangalore,/bangalore/kaavu-whitefield-bangalore/info,https://b.zmtcdn.com/data/pictures/3/21543723/05dc0b9008376efcd5098fd248397783_featured_v2.jpg
LUPA,4.5,1343.0,"Mediterranean, European, Italian","86, Spencers Towers, Haridevpur, Shanthala Nagar, MG Road, Bangalore",Bangalore,/bangalore/lupa-mg-road-bangalore/info,https://b.zmtcdn.com/data/pictures/7/20582407/20f1bf78872e20720556bcaf8ac69c8c_featured_v2.jpg
Karigari By Chef Harpal Singh Sokhi,4.2,4764.0,"North Indian, Kebab, Beverages","T-9, Third Floor, Phoenix Mall of Asia, Byatarayanapura Village, Yelahanka, Hobli, Yelahanka Taluk, Bellari Road, Sahakara Nagar, Bangalore",Bangalore,/bangalore/karigari-by-chef-harpal-singh-sokhi-sahakara-nagar-bangalore/info,https://b.zmtcdn.com/data/pictures/2/21029992/5c8e1068779d7511259dec44839cb9b7_featured_v2.jpg
Kuuraku,4.6,970.0,"Japanese, Rolls, Beverages","202, 1St Floor, Forum Rex Walk, Shanthala Nagar, Brigade Road, Bangalore",Bangalore,/bangalore/kuuraku-brigade-road-bangalore/info,https://b.zmtcdn.com/data/pictures/7/20478667/11b3ce4a04c9e4d6f9b464fa8fd87553_featured_v2.jpg
TBC- Sky Lounge,4.2,26.0,"Continental, Italian, Asian","2795, 4th Floor, 27th Main Road, Sector 1, HSR, Bangalore",Bangalore,/bangalore/tbc-sky-lounge-hsr-bangalore/info,https://b.zmtcdn.com/data/pictures/8/18578798/7a87275bd168179386cc6770f7d9f8fb_featured_v2.jpg
Kahani - Craft Bar And Kitchen,4.2,2073.0,"North Indian, Biryani, Chinese","3, 57/B, 3rd Floor, Terrace Mahadi, SM Road, Jalahalli, Bangalore",Bangalore,/bangalore/kahani-craft-bar-and-kitchen-jalahalli-bangalore/info,https://b.zmtcdn.com/data/pictures/4/22399674/f6ec8528b7604a0c47d65eab1666e4c6_o2_featured_v2.jpg
The Yard,4.3,1712.0,"Continental, Italian, Asian","Plot No.22-A, Sy No.48 & 49, 1st Phase, 2nd Main Road, Doddanekkundi Industrial Area, Mahadevapura, B.B.M.P East, Karnataka-560048, Plot No.22-A, Sy No.48 & 49, 1st Phase, 2nd Main Road, Doddanekkundi Industrial Area, Mahadevapura, B.B.M.P East, Karn",Bangalore,/bangalore/the-yard-brookefield-bangalore/info,https://b.zmtcdn.com/data/pictures/5/21479605/54fe7095031b7771f89b865dc5fc9e6e_featured_v2.jpg
Gulp Cocktails And Kitchen,4.1,5142.0,"Continental, South Indian, Kebab","16, 6th Block, 100 Feet Road, Banashankari, Bangalore",Bangalore,/bangalore/gulp-cocktails-and-kitchen-banashankari-bangalore/info,https://b.zmtcdn.com/data/pictures/0/20728380/5b51bb5cdcb3a38d2394d50779f73f23_featured_v2.jpg
Noba,4.4,143.0,"Modern Indian, Asian, Oriental","714, 5th A Cross Road, HRBR Layout 1st Block, Kalyan Nagar, Bangalore",Bangalore,/bangalore/noba-kalyan-nagar-bangalore/info,https://b.zmtcdn.com/images/res_avatar_476_320_1x_new.png
Float Brewery,4.3,14.0,"Bar Food, Continental, Italian","7M-424, 1st Block, HRBR Layout, 80 Feet Road, Kalyan Nagar, Bangalore",Bangalore,/bangalore/float-brewery-kalyan-nagar-bangalore/info,https://b.zmtcdn.com/data/pictures/7/18752277/fd5107f60538bb10d8d881d05d2b5882_featured_v2.jpg
Stories Bar & Kitchen,4.2,9223.0,"Bar Food, Chinese, Oriental","857, 3rd Floor, C L Arcade, 2nd Stage, Near Vinayaka Layout, 80 Feet Main Road, Nagarbhavi, Bangalore",Bangalore,/bangalore/stories-bar-kitchen-nagarbhavi-bangalore/info,https://b.zmtcdn.com/data/pictures/2/20309202/e2f0237cd4abe591735ff5ed14cb5f44_featured_v2.jpg
Royal China,4.4,869.0,"Asian, Cantonese, Chinese","24, 2nd Level, UB City, Concorde & Canberra Blocks, KG Halli, D' Souza Layout, Vittal Mallya Road, Ashok Nagar, Bangalore",Bangalore,/bangalore/royal-china-ashok-nagar-bangalore/info,https://b.zmtcdn.com/data/pictures/9/22139769/731d02460c0a3b2431c8d8b265c406ec_featured_v2.jpg
Noodle Bar,4.3,5273.0,"Asian, Oriental, Chinese","1st Floor, Phoenix Market City Mall, Whitefield, Bangalore",Bangalore,/bangalore/noodle-bar-whitefield/info,https://b.zmtcdn.com/data/pictures/2/53472/ca97070c201d32dde8ceaf71bc5cf819_o2_featured_v2.jpg
Nysa Sky Bar,4.4,3746.0,"South Indian, Chinese, Pizza","15, 5th Floor, Attur Layout, B.B.M.P North, Kempanahalli Main Road, Yelahanka, Bangalore",Bangalore,/bangalore/nysa-sky-bar-2-yelahanka-bangalore/info,https://b.zmtcdn.com/data/pictures/5/21585135/139f36c454b711dddf446b00ce0666f5_featured_v2.jpg
Kay Koy,4.5,332.0,"North Indian, Chinese, Pizza","27-1, Post Anekal, Yamare, Sompura Kadagrara Road, Sarjapura, Bangalore",Bangalore,/bangalore/kay-koy-sarjapura-bangalore/info,https://b.zmtcdn.com/images/res_avatar_476_320_1x_new.png
Brik Oven - Woodfired Pizzas,4.1,6078.0,"Pizza, Italian, Beverages","120-A3, Plot 120-P, Ground Floor, Santosh Tower, Vijayanagar, EPIP Zone, Whitefield, Bangalore",Bangalore,/bangalore/brik-oven-woodfired-pizzas-whitefield-bangalore/info,https://b.zmtcdn.com/data/pictures/7/19649317/8ca57dc81cfb664994cb40626039b75d_featured_v2.jpg
Continuum,4.4,612.0,"North Indian, Chinese, South Indian","788, First Floor, Nagarjun Enclave, 1st Phase, 15th Cross Road, JP Nagar, Bangalore",Bangalore,/bangalore/continuum-1-jp-nagar-bangalore/info,https://b.zmtcdn.com/images/res_avatar_476_320_1x_new.png
Masala Mandi,4.3,12.0,"North Indian, BBQ, Biryani","Survey 82/8, Floor 2, Gold Sand Building, Next To Wipro And, Doddakanelli Village, Sarjapur Road, Bangalore",Bangalore,/bangalore/masala-mandi-sarjapur-road-bangalore/info,https://b.zmtcdn.com/data/pictures/2/19159932/c0428f9651334c169c57947ee3e595ec_featured_v2.jpg
The Pump House,4.4,8654.0,"Continental, Chinese, North Indian","87/2A & 87/3, SH 35, Main Road, Seegehalli, Bangalore",Bangalore,/bangalore/the-pump-house-seegehalli-bangalore/info,https://b.zmtcdn.com/data/pictures/5/20439975/c5a3e2f74e25f8dd20b050428752f70f_featured_v2.jpg
The Scene - Craft Kitchen & Bar,4.3,4359.0,"North Indian, Continental, Asian","773, Outer Ring Road, 15th Cross Road, 1st Phase, JP Nagar, Bangalore",Bangalore,/bangalore/the-scene-craft-kitchen-bar-jp-nagar-bangalore/info,https://b.zmtcdn.com/data/pictures/5/20801585/b335fc6ad582148e6b2586f6de57f6f5_featured_v2.jpg
Cubbon Pavilion - ITC Gardenia,4.3,1066.0,"European, Continental, Chinese","1, ITC Gardenia A Luxury Collection Hotel, Residency Road, Bangalore",Bangalore,/bangalore/cubbon-pavilion-itc-gardenia-residency-road-bangalore/info,https://b.zmtcdn.com/data/pictures/8/50318/0cd225d57bbc03af46ef1b7a929af2d5_featured_v2.jpg
Roastea - Curated Coffee and Tea Artisans,4.3,4093.0,"Coffee, Beverages, Italian","107, New 612/3, 80 Feet Road, Koramangala 4th Block, Bangalore",Bangalore,/bangalore/roastea-curated-coffee-and-tea-artisans-koramangala-4th-block-bangalore/info,https://b.zmtcdn.com/data/pictures/3/21227083/1a6a681385ea7d879d9b13b750adae16_featured_v2.jpg
Xylon Bar & Kitchen,4.4,281.0,"North Indian, South Indian, Continental","152/5, 6Th Floor, Neeladri Road, Phase I, Doddathoguru, Electronic City, Bangalore",Bangalore,/bangalore/xylon-bar-kitchen-electronic-city-bangalore/info,https://b.zmtcdn.com/images/res_avatar_476_320_1x_new.png
Brix and Barrells,4.0,1508.0,"Mediterranean, Pizza, Beverages","28, 2nd Phase, Doddanakundi Industrial Area 2, Mahadevapura, Bangalore",Bangalore,/bangalore/brix-and-barrells-mahadevapura-bangalore/info,https://b.zmtcdn.com/data/pictures/5/22163695/3c8e38e8dbfb7000f29eb6fc3bfe3c41_o2_featured_v2.jpg
YouMee,4.3,14.0,"Chinese, Asian, Sushi","Upper Ground Floor, Forum Shantiniketan Mall, Thigalarapalya, Whitefield, Bangalore",Bangalore,/bangalore/youmee-whitefield-bangalore/info,https://b.zmtcdn.com/data/pictures/chains/0/18802460/b6fd131cec4f16e3228582a7a6bb2cad_featured_v2.jpg
153 Biere Street,4.2,9033.0,"Asian, Continental, North Indian","153, Hagadur Main Road, Whitefield, Bangalore",Bangalore,/bangalore/153-biere-street-whitefield-bangalore/info,https://b.zmtcdn.com/data/pictures/7/56467/9bfb0aec0034168f6567c853358c4685_featured_v2.jpg
AEIOU,4.1,1184.0,"Continental, Pizza","115, 4th Floor, Site 43, Manayata Tech Park, Chanakya Layout, Nagawara, Bangalore",Bangalore,/bangalore/aeiou-nagawara-bangalore/info,https://b.zmtcdn.com/data/pictures/0/21418560/c74eb12c3948f1e412fd4416a668dd85_featured_v2.jpg
Chowman,4.4,27.0,"Chinese, Asian, Thai","202, Indira Nagar 2 Stage, Hoysala Nagar, Paramahansa Yogananda Road, Indiranagar, Bangalore",Bangalore,/bangalore/chowman-indiranagar-bangalore/info,https://b.zmtcdn.com/data/pictures/chains/3/19616623/ebc39923dac1f5d2bd2dbf1df7999595_featured_v2.jpg
Street Storyss,4.4,4716.0,"Modern Indian, Street Food, Asian","3155, HAL 2nd Stage, Indiranagar, Bangalore",Bangalore,/bangalore/street-storyss-indiranagar-bangalore/info,https://b.zmtcdn.com/data/pictures/3/19049583/cd025da5ac46d309979696b61d2bf36a_featured_v2.jpg
Feast - Sheraton Grand Bangalore Hotel at Brigade Gateway,4.3,5817.0,"North Indian, Continental, Fast Food","No.26/1, Dr. Rajkumar Road, Malleshwaram, Bangalore",Bangalore,/bangalore/feast-sheraton-grand-bangalore-hotel-at-brigade-gateway-malleshwaram-bangalore/info,https://b.zmtcdn.com/data/pictures/3/52053/db5a8ff5c508f40484a2177bdf6621e6_featured_v2.jpg
33&Brew,4.0,578.0,"Burger, Beverages, Sandwich","Prestige Technostar, Doddanakundi Industrial Area 2, Phase 1, AECS Layout, Bangalore",Bangalore,/bangalore/33-brew-1-brookefield-bangalore/info,https://b.zmtcdn.com/data/pictures/8/22419018/3b67c242de84942e9e1e7dc34f27a2f9_o2_featured_v2.jpg
Neemsi,4.7,5755.0,"North Indian, Italian, Continental","Ground Floor, 6th Phase, KR Layout, Ward 178, 15th Cross Road, JP Nagar, Bangalore",Bangalore,/bangalore/neemsi-jp-nagar-bangalore/info,https://b.zmtcdn.com/data/pictures/5/21193535/ca89d71ff971dbd3e3964a8c886b8a41_featured_v2.jpg
Runway 27,3.9,2403.0,"North Indian, Asian, Chinese","126/5, Khata 176/126/5/146/206, Bellanduru Khane Village, Varthur Hobli, Yamaluru Main Road, Kadubeesanahalli, Bangalore",Bangalore,/bangalore/runway-27-kadubeesanahalli-bangalore/info,https://b.zmtcdn.com/data/pictures/9/21334809/52072c2d78a61a49434f916958e9be32_featured_v2.jpg
Cream Centre - Vegetarian Legacy Since 1958,4.1,305.0,"North Indian, Chinese, Biryani","31, Unit 3F-316A, 3rd Floor, Forum South Bengaluru, Konanakunte, Kanakapura Road, Bangalore",Bangalore,/bangalore/cream-centre-vegetarian-legacy-since-1958-2-kanakapura-road-bangalore/info,https://b.zmtcdn.com/data/pictures/2/22677212/f6ef9fcb6d7eec5627571a64b93b2116_o2_featured_v2.jpg
La Casa Brewery And Kitchen,4.3,15.0,"North Indian, Finger Food, Beverages","Bloomingdel, Kasavanahalli, Carmelaram Post, Sarjapur Road, Bangalore",Bangalore,/bangalore/la-casa-brewery-and-kitchen-sarjapur-road-bangalore/info,https://b.zmtcdn.com/data/pictures/chains/3/18588523/652e44fd2451b873a13c127af5fcf1ed_featured_v2.jpg
Biere Kraft Brew & Kitchen,3.9,735.0,"North Indian, Chinese, Pizza","62/02, 4th Floor, Mahadevapura, Doddanekkundi, Outer Ring Road, Marathahalli, Bangalore",Bangalore,/bangalore/biere-kraft-brew-kitchen-marathahalli-bangalore/info,https://b.zmtcdn.com/data/pictures/3/22149763/a8c59693c18429405e9ac61c4cc8d538_o2_featured_v2.jpg
Esplanade,4.3,5315.0,"Bengali, Seafood, Mishti","201, Double Road, Indiranagar, Bangalore",Bangalore,/bangalore/esplanade-indiranagar/info,https://b.zmtcdn.com/data/pictures/5/57175/09464da23eb3e6af42a4c6deb5a719ea_featured_v2.jpg
Badmaash,3.8,3457.0,"Bar Food, North Indian, Italian","23, First Floor, 1st Main Road, KHB Colony, Koramangala Industrial Layout, Koramangala 5th Block, Bangalore",Bangalore,/bangalore/badmaash-koramangala-5th-block-bangalore/info,https://b.zmtcdn.com/data/pictures/8/19121208/b0ace33ae02c6416a3f1901a0d08f1bf_featured_v2.jpg
Plan B,4.0,5113.0,"Burger, Street Food, Pizza","23, Ground Floor, Ganapathi Temple Road, Koramangala 7th Block, Bangalore",Bangalore,/bangalore/plan-b-koramangala-7th-block-bangalore/info,https://b.zmtcdn.com/data/pictures/5/53915/92a03f3a4051cfb7db21e4eee3b574dc_featured_v2.jpg
Lola's,4.5,703.0,"Continental, Asian","Unit D1, Ground Floor, D3 Block, Embassy Manyata Business Park. Outer Ring Road, Nagawara, Bangalore",Bangalore,/bangalore/lolas-nagawara-bangalore/info,https://b.zmtcdn.com/data/pictures/3/22421323/ee3869f3aa80922cdfb575f584da616f_o2_featured_v2.jpg
The 13th Floor,4.4,7838.0,"North Indian, Asian, Kebab","84/142, 12th, 13th Floor, Barton Center, MG Road, Bangalore",Bangalore,/bangalore/the-13th-floor-mg-road-bangalore/info,https://b.zmtcdn.com/data/pictures/5/50975/115b9e7b23a7a35a652c045e4910d9d9_featured_v2.jpg
Woodside Inn,3.9,247.0,"Continental, Italian, Burger","35, 80 Feet Road, Hal 3rd Stage, New Thippasandra, Bangalore",Bangalore,/bangalore/woodside-inn-thippasandra-bangalore/info,https://b.zmtcdn.com/data/pictures/3/22425603/1d7696ec623efeb349dc50681974d688_o2_featured_v2.jpg
Chianti,4.6,10.0,"Italian, Pizza, Pasta","960, 12th Main Road, Near Gold Gym, HAL 2nd Stage, Doopanahalli, Indiranagar, Bangalore",Bangalore,/bangalore/chianti-2-indiranagar/info,https://b.zmtcdn.com/data/pictures/chains/1/53211/092f0ffe94cf0511b074dbce9efea05f_featured_v2.jpg
The Brewseum,4.234118852459017,1991.6997950819673,"Continental, Indian, Asian","Old 176, Old 85 & 89, Hope Farm Circle, Vishal Mega Mart, ITPL Main Road, Whitefield, Bangalore",Bangalore,/bangalore/the-brewseum-itpl-main-road-whitefield-bangalore/info,https://b.zmtcdn.com/images/res_avatar_476_320_1x_new.png
Proxy | Resto Bar,4.2,1124.0,"North Indian, Chinese, Pizza","43, Kundalahalli, Munnekollal, Brookefield, Bangalore",Bangalore,/bangalore/proxy-resto-bar-brookefield-bangalore/info,https://b.zmtcdn.com/images/res_avatar_476_320_1x_new.png
Daysie- All Day Casual Bar,4.1,3464.0,"Continental, Italian, Asian","148, Ground Floor, Kenchena Halli Road, Village, Kengeri Hobli, Rajarajeshwari Nagar, Bangalore",Bangalore,/bangalore/daysie-all-day-casual-bar-3-rajarajeshwari-nagar-bangalore/info,https://b.zmtcdn.com/data/pictures/2/21285472/5d52f0f6d7352118cc1f290d01763976_featured_v2.jpg
Pasta Street,4.4,12.0,"Italian, Pasta, Pizza","74, Sarakki Industrial Layout, 3rd Phase, 15th Cross Road, JP Nagar, Bangalore",Bangalore,/bangalore/pasta-street-jp-nagar-bangalore/info,https://b.zmtcdn.com/data/pictures/3/19812983/f44ac9a113feb620572e392e40a1c70f_featured_v2.jpg
Yoichi by Shiro,4.3,792.0,"Sushi, Japanese, Asian","Unit 23, 24, First Floor, Nxt Tower, Manyata Embassy Business Park, Outer Ring Road, Nagawara, Bangalore",Bangalore,/bangalore/yoichi-by-shiro-1-nagawara-bangalore/info,https://b.zmtcdn.com/data/pictures/9/22350429/f686ccb64caf097856f874a21a4a91eb_o2_featured_v2.jpg
Pari,4.4,3772.0,"Salad, Asian, South Indian","75/5, 20th A Main Road, West of Chord Road, Near ISKCON, Rajajinagar, Bangalore",Bangalore,/bangalore/pari-5-rajajinagar-bangalore/info,https://b.zmtcdn.com/images/res_avatar_476_320_1x_new.png
Bob's Bar,4.2,15.0,"Finger Food, Sandwich, Desserts","777/I, HAL 2nd Stage, 100 Feet Road, Opposite New Horizon School, Indiranagar, Bangalore",Bangalore,/bangalore/bobs-bar-1-indiranagar-bangalore/info,https://b.zmtcdn.com/data/pictures/3/18816683/9c484f42456d148f728187ad566c2be5_featured_v2.jpg
Jolly Johnny's Bar,4.4,703.0,"Bar Food, Chinese, North Indian","125, Kundalahalli Main Rd, near CMR IT, above Samosa party, AECS Layout, Whitefield, Bangalore",Bangalore,/bangalore/jolly-johnnys-bar-whitefield-bangalore/info,https://b.zmtcdn.com/data/pictures/5/22043435/0d37f2f862900c6694a881279777ba9a_featured_v2.jpg
NEKTR Rooftop. Bar.Kitchen.,4.5,140.0,Italian,"3rd Floor, 10/1, Jakkur Main Road, Jakkur Layout, Sahakara Nagar, Bangalore",Bangalore,/bangalore/nektr-rooftop-bar-kitchen-sahakara-nagar-bangalore/info,https://b.zmtcdn.com/images/res_avatar_476_320_1x_new.png
ASF - Ancient Stone Flames BBQ & Grill,4.4,870.0,"Kebab, North Indian, American","17/152/4, 2nd Floor & 5th Floor, Neeladri Nagar Road, Electronic City, Bangalore",Bangalore,/bangalore/asf-ancient-stone-flames-bbq-grill-electronic-city-bangalore/info,https://b.zmtcdn.com/data/pictures/6/21844276/c5725200-d96a-4360-acd8-e90a90cad799_o2_featured_v2.jpg
Chili's Grill & Bar,4.2,2684.0,"Mexican, Pizza, Pasta","Unit T-36, Khata 239/240/275/88/1, 240/276/89/1, 3rd Floor, Mall Of Asia, Byatarayanapura, Yelahanka, Bangalore",Bangalore,/bangalore/chilis-grill-bar-yelahanka-bangalore/info,https://b.zmtcdn.com/data/pictures/7/21330387/fe57f9a82aaee6fc1f068548e0ab8b0c_featured_v2.jpg
Fifty50,3.7,1931.0,Modern Indian,"RMZ ECOWORLD, Ground, Marathahalli - Sarjapur Outer Ring Rd, Bellandur, Bengaluru, Karnataka 560103, Karnataka, Bellandur, Bangalore",Bangalore,/bangalore/fifty50-1-bellandur-bangalore/info,https://b.zmtcdn.com/data/pictures/7/21831217/89070cfe6147f25181aa9d40f2ed7ae0_o2_featured_v2.jpg
Nido Craft Kitchen & Bar,4.4,3034.0,"Bar Food, North Indian, Seafood","Bellary Road, Sahakara Nagar, Bangalore",Bangalore,/bangalore/nido-craft-kitchen-bar-sahakara-nagar-bangalore/info,https://b.zmtcdn.com/data/pictures/6/21534976/54b09bca566c14a8fbc83ff189ba1b0f_featured_v2.jpg
TIMBAR,4.1,1098.0,"Continental, Indian, Chinese","N15, TMC Layout, 1st Phase, 24th Main Road, JP Nagar, Bangalore",Bangalore,/bangalore/timbar-jp-nagar-bangalore/info,https://b.zmtcdn.com/data/pictures/6/22211596/1e992ea3-bc91-4187-8cb5-328040b2bc4a_o2_featured_v2.png
Proxy,4.1,4630.0,"Finger Food, Street Food, Pasta","22/3, 5th Floor, Icon Select Bhagini, Near More Mega Store, Outer Ring Road, Mahadevapura, Bangalore",Bangalore,/bangalore/proxy-mahadevapura-bangalore/info,https://b.zmtcdn.com/data/pictures/7/20658297/c8d4d32380a2a72969b2079069713373_featured_v2.jpg
Choice 64 - Clarion Hotels,4.3,706.0,"North Indian, Mughlai, Biryani","Clarion Hotel, 15, Kempanahalli Main Road, Yelahanka, Bangalore",Bangalore,/bangalore/choice-64-clarion-hotels-yelahanka-bangalore/info,https://b.zmtcdn.com/data/pictures/3/20658623/6ab72dee89459bf7a98bfec878a4522f_o2_featured_v2.jpg
Gustoes,4.0,2598.0,"Italian, Seafood, Chinese","728, 13th Cross, 7th Block, Jayanagar, Bangalore",Bangalore,/bangalore/gustoes-jayanagar-bangalore/info,https://b.zmtcdn.com/data/pictures/5/19562585/07595604e4de2c1a1a1eea96af7f26da_featured_v2.jpg
Budbee Restobar,4.2,512.0,"Bar Food, North Indian, Italian","6th Floor, The Pavilion, JP Nagar, Bangalore",Bangalore,/bangalore/budbee-restobar-jp-nagar-bangalore/info,https://b.zmtcdn.com/images/res_avatar_476_320_1x_new.png
Allora Milano,4.4,1950.0,"Pasta, Italian, American","88/1, S-26-27, 2nd Floor, Mall Of Asia, Bellary Road, Sahakara Nagar, Bangalore",Bangalore,/bangalore/allora-milano-sahakara-nagar-bangalore/info,https://b.zmtcdn.com/data/pictures/3/20918603/41d2f34cbc546c948b14d9f20cd4b985_o2_featured_v2.jpg
Shift Lounge & Bar,4.1,9365.0,"Finger Food, Continental, North Indian","1085, 14th Main, 18th Cross, Sector 3, HSR, Bangalore",Bangalore,/bangalore/shift-lounge-bar-hsr-bangalore/info,https://b.zmtcdn.com/data/pictures/5/18576435/5edb904f7a66068ac25b72d4ca887278_featured_v2.jpg
DIHA,4.4,400.0,"Fast Food, Salad, Pizza","17, 3rd Phase, 15th Main Road, JP Nagar, Bangalore",Bangalore,/bangalore/diha-2-jp-nagar-bangalore/info,https://b.zmtcdn.com/data/pictures/3/22452713/ba81d4b19d03f3fbcc93ef766b9e5d2e_o2_featured_v2.jpg
F5 - Hilton Embassy Manyata Business Park,4.2,1371.0,"North Indian, Continental, Pizza","Embassy Manyata Business Park, Hebbal Outer Ring Road, Nagawara, Bangalore",Bangalore,/bangalore/f5-hilton-embassy-manyata-business-park-nagawara-bangalore/info,https://b.zmtcdn.com/data/pictures/5/20304605/62335be2084134ae39d63ede8f67a044_featured_v2.jpg
Levels Pub & Kitchen,4.4,12.0,"Asian, South Indian, North Indian","14, 4th Phase, Outer Ring Road, JP Nagar, Bangalore",Bangalore,/bangalore/levels-pub-kitchen-jp-nagar-bangalore/info,https://b.zmtcdn.com/data/pictures/3/19326433/34a3ef7e044b20871b81b0059b6ab8e3_featured_v2.jpg
Arbor Brewing Company,4.5,11.0,"American, Continental, Fast Food","8, Allied Grande Plaza, Ashok Nagar, MG Road, Bangalore",Bangalore,/ArborBrewIndia/info,https://b.zmtcdn.com/data/pictures/7/54097/10bf96a0bda3bc448f4b6e56e63ddbca_featured_v2.jpg
Skyye,4.1,4622.0,"Continental, Asian, Thai","16th Floor, Uber Level, UB City, Vittal Mallya Road, Near Lavelle Road, Bangalore",Bangalore,/bangalore/skyye-lavelle-road/info,https://b.zmtcdn.com/data/pictures/2/51552/b35fdf1c1b0f13fc668efaea51c67921_featured_v2.jpg
Chinese Wok,4.2,857.0,Chinese,"Food Court Counter 3, 3rd Floor, Global Mall, Pantarapalya, Near Nayandahalli Metro Station, Mysore Road, Kengeri, Bangalore",Bangalore,/bangalore/chinese-wok-1-kengeri-bangalore/info,https://b.zmtcdn.com/data/pictures/chains/3/19715673/7c9fe2b6a8ae9d14736d68d1f11e18be_featured_v2.jpg
Bier Loft Brewing Co,3.9,1907.0,"North Indian, Chinese, Biryani","No.17/152/4, Doddathoguru Village, Begur Hobli, Bengaluru, Bangalore South, Bangalore Urban, Karnataka-560105, No.17/152/4, Doddathoguru Village, Begur Hobli, Bengaluru, Bangalore South, Bangalore Urban, Karnataka-560105, Karnataka",Bangalore,/bangalore/bier-loft-brewing-co-electronic-city-bangalore/info,https://b.zmtcdn.com/data/pictures/4/21573564/307fbd547e3ff73a3b16fd1a35425f1f_featured_v2.jpg
Amintiri,4.5,912.0,"Bakery, Sandwich, Desserts","85/1, Sector 2, Parangi Palaya, HSR, Bangalore",Bangalore,/bangalore/amintiri-1-hsr-bangalore/info,https://b.zmtcdn.com/images/res_avatar_476_320_1x_new.png
Nook - Aloft Bengaluru Outer Ring Road,4.1,1995.0,"North Indian, Continental, Asian","Aloft, Outer Ring Road, Cessna Business Park, Kadubeesanahalli, Bangalore",Bangalore,/bangalore/nook-aloft-bengaluru-outer-ring-road-kadubeesanahalli-bangalore/info,https://b.zmtcdn.com/data/pictures/7/58097/f429dea8fdb7fd1158e505d374416552_featured_v2.jpg
SAKI - Pan Asian Kitchen,3.9,545.0,"Japanese, Chinese, Thai","749, 80 Feet Road, Koramangala 4th Block, Bangalore",Bangalore,/bangalore/saki-pan-asian-kitchen-koramangala-4th-block-bangalore/info,https://b.zmtcdn.com/data/pictures/0/22269210/b3d7da2d4d3d0002b9aa96484d3d9158_o2_featured_v2.jpg
The Dreaming Tree,4.6,573.0,"Italian, Healthy Food, Chinese","4, Shabari Arcade, 7th Sector, 14th Main Road, HSR, Bangalore",Bangalore,/bangalore/the-dreaming-tree-hsr-bangalore/info,https://b.zmtcdn.com/data/pictures/0/22154870/1427e58f80398e821daae221dd9755e0_featured_v2.jpg
Toscano,4.4,2849.0,"Italian, Pizza, Pasta","Museum Road, The Museum SY - 1, Church Street, Bangalore",Bangalore,/bangalore/toscano-church-street-bangalore/info,https://b.zmtcdn.com/data/pictures/7/20104817/a8f9483b5d2a8e9e628f22ae8b1faaa7_featured_v2.jpg
Nando's- Flame Grilled PERi- PERi Chicken,4.4,16.0,"Burger, Healthy Food, Portuguese","Unit R1 & R1A, 2nd Floor, Orion Mall, Rajaji Nagar, Dr. Rajkumar Road, Malleshwaram, Bangalore",Bangalore,/bangalore/nandos-flame-grilled-peri-peri-chicken-malleshwaram-bangalore/info,https://b.zmtcdn.com/data/pictures/4/18688104/861aae662f5d2b6c3e076cd6f377f25e_featured_v2.jpg
Zoey's,4.3,12.0,"Burger, Beverages, Continental","103/1, Kodathi Village, Opposite ST Patrick School, Sarjapur Road, Bangalore",Bangalore,/bangalore/zoeys-sarjapur-road/info,https://b.zmtcdn.com/data/pictures/0/18518170/dc7aab46d06a04d9f201921adf765bd0_featured_v2.jpg
Comal,4.5,976.0,"Mexican, American, Healthy Food","18, Craig Park Layout, MG Road, Bangalore",Bangalore,/bangalore/comal-1-mg-road-bangalore/info,https://b.zmtcdn.com/data/pictures/5/22216015/f743007cd5cbfc4a89654b36771739f2_featured_v2.jpg
Paragon Restaurant - Since 1939,4.2,7567.0,"Kerala, Oriental, South Indian","50, 1st Floor, 1 Shoba, Shanthala Nagar, St. Marks Road, Bangalore",Bangalore,/bangalore/paragon-restaurant-since-1939-st-marks-road-bangalore/info,https://b.zmtcdn.com/data/pictures/2/20801352/02cccfd62be4bf72e34b6486f912fd0b_featured_v2.jpg
Club Destini - Destini Bar & Kitchen,4.1,1726.0,"Bar Food, Modern Indian, Mexican","Plot 1, 3rd Floor, M5 E City Mall, Veerasandra Industrial Area, Hosur Road, Near Audi Showroom, Electronic City, Bangalore",Bangalore,/bangalore/club-destini-destini-bar-kitchen-electronic-city-bangalore/info,https://b.zmtcdn.com/data/pictures/3/22151933/d601cfe74463ae928d80284ff818cb0f_o2_featured_v2.jpg
DHA 6566 Resto Pub,4.1,2121.0,"Mexican, Italian, Chinese","278/A, Floor 4/5, Block 4, 9 Main Road, Jayanagar, Bangalore",Bangalore,/bangalore/dha-6566-resto-pub-jayanagar-bangalore/info,https://b.zmtcdn.com/data/pictures/6/18387416/0cfeb0d4b21af3236dcc943db30a2b9f_featured_v2.jpg
Caraway Kitchen,4.2,1018.0,"Asian, Continental, North Indian","Conrad Bengaluru, Kensington Road, Someshwarpura, Ulsoor, Bangalore",Bangalore,/bangalore/caraway-kitchen-ulsoor-bangalore/info,https://b.zmtcdn.com/data/pictures/chains/7/18631077/7e62ba52c618781c36780173155b412a_featured_v2.jpg
ee Kavii Kafe,4.2,1598.0,"Cafe, Coffee, Continental","7, 15th Cross, 100 Feet Ring Rd, 5th Phase, JP Nagar, Bangalore",Bangalore,/bangalore/ee-kavii-kafe-jp-nagar-bangalore/info,https://b.zmtcdn.com/data/pictures/8/21605778/4abc71e9acfcc20d6a7fce445e525a28_featured_v2.jpg
Moplah's,4.5,2459.0,"Kerala, Biryani, Seafood","06, 1st Cross Rd, KHB Colony, Koramangala 5th Block, Bangalore",Bangalore,/bangalore/moplahs-koramangala-5th-block-bangalore/info,https://b.zmtcdn.com/data/pictures/0/20346230/edf67cefa241b02e8906e231693c1a36_featured_v2.jpg
SALT - Indian Restaurant,4.3,2357.0,"North Indian, Rolls, Mughlai","7 M-428, 1st Block, Sarvagna Nagar, HRBR Layout, 7th Main Road, Near Kalyan Nagar, Bangalore",Bangalore,/bangalore/salt-indian-restaurant-kalyan-nagar-bangalore/info,https://b.zmtcdn.com/data/pictures/chains/7/18294917/47437fff5486a84894b5f8cae41dcf6d_featured_v2.jpg
Taiki,3.8,273.0,"Japanese, Korean, Asian","4th Floor, 2, Opposite JSS Public School, Sector 4, HSR, Bangalore",Bangalore,/bangalore/taiki-hsr-bangalore/info,https://b.zmtcdn.com/data/pictures/chains/0/18897730/d03d8e9bcd01c31df3cca4660e853b51_featured_v2.jpg
SECTOR 144 JP NAGAR,4.5,1090.0,"North Indian, Chinese, South Indian","4th Floor, 36 Phoenix 5, 7th Phase, Kothanur Main Road, JP Nagar, Bangalore",Bangalore,/bangalore/sector-144-jp-nagar-1-jp-nagar-bangalore/info,https://b.zmtcdn.com/data/pictures/3/22391903/eb210d021eada9cca6917a5645f7eff8_o2_featured_v2.jpg
Yummy Bee,4.2,814.0,"Bakery, Desserts, Cake","Site Bearing L/248, Sector 6, HSR, Bangalore",Bangalore,/bangalore/yummy-bee-1-hsr-bangalore/info,https://b.zmtcdn.com/data/pictures/5/22326895/176bd5c5f3447fe843dd8c447064b6fb_o2_featured_v2.jpg
Sorso Taproom & Kitchen,4.2,223.0,"Chinese, Pizza, Biryani","5th Floor, 5 & 6, Alpine Eco Road, Next to Apollo Pharmacy, Ferns City, Chinnappanahalli, Doddanekkundi, Mahadevapura, Bangalore",Bangalore,/bangalore/sorso-taproom-kitchen-mahadevapura-bangalore/info,https://b.zmtcdn.com/data/pictures/0/22636900/52720f10df0b259b9c56f388795f050f_o2_featured_v2.jpg
Bologna,4.6,7514.0,"Italian, Pasta, Pizza","759, 1st Floor, 100 Feet Road, Indiranagar, Bangalore",Bangalore,/bangalore/bologna-indiranagar-bangalore/info,https://b.zmtcdn.com/data/pictures/3/18682433/7868deee643be97391525bed494307b1_featured_v2.jpg
Riko,3.9,1114.0,"Beverages, Desserts, Salad","Floor 2, Level 2 Near Concorde Vittal Malya Road, Lavelle Road, Bangalore",Bangalore,/bangalore/riko-lavelle-road-bangalore/info,https://b.zmtcdn.com/data/pictures/7/22216057/1e6896c2fe9327123b454ddd916915a0_o2_featured_v2.jpg
Baan PhadThai,4.7,482.0,"Thai, Beverages","1090, Sai Suraksha, Doopanahalli, 12th Main Road, Indiranagar, Bangalore",Bangalore,/bangalore/baan-phadthai-indiranagar-bangalore/info,https://b.zmtcdn.com/images/res_avatar_476_320_1x_new.png
PizzaExpress,4.3,2630.0,"Pizza, Italian, Salad","R3, R3A 2nd Floor, Orion Mall, Brigade Gateway, Dr Rajkumar Road, Brigade Road, Bangalore",Bangalore,/bangalore/pizzaexpress-brigade-road-bangalore/info,https://b.zmtcdn.com/data/pictures/chains/9/19339659/f79e9b3d84dd1d53e1bcde7de80d81f3_featured_v2.jpg
Monsoon - The Park Bangalore,4.2,699.0,"Italian, North Indian, Continental","The Park, Hotel 14 7, Mahatma Gandhi Road, Yellappa Garden, Yellappa Chetty Layout, MG Road, Bangalore",Bangalore,/bangalore/monsoon-the-park-bangalore-mg-road-bangalore/info,https://b.zmtcdn.com/data/pictures/9/50699/f88aeba76ab2e200dab05ffdf922e05d_o2_featured_v2.jpg
THE PORCUPINE,4.4,254.0,"North Indian, South Indian, Chinese","838/A, Binnamangala, 100 Feet Road, First Stage, Indiranagar, Bangalore",Bangalore,/bangalore/the-porcupine-indiranagar-bangalore/info,https://b.zmtcdn.com/data/pictures/2/22693472/f0003853-5ba3-4a01-b78b-4b1eaa8d20fd_o2_featured_v2.png
The Verandah - Grand Mercure,4.2,497.0,"South Indian, Asian, Salad","12th Main Road, Koramangala 3rd Block, Bangalore",Bangalore,/bangalore/the-verandah-grand-mercure-koramangala-3rd-block-bangalore/info,https://b.zmtcdn.com/images/res_avatar_476_320_1x_new.png
The Hole In The Wall Cafe,4.4,23.0,"Cafe, Continental, Burger","3, 8th Main Road, Koramangala 4th Block, Bangalore",Bangalore,/bangalore/the-hole-in-the-wall-cafe-koramangala-4th-block-bangalore/info,https://b.zmtcdn.com/data/pictures/chains/4/54044/93bcd9ce363d0f6e98de86d26dc3f07a_featured_v2.jpg
Mezcalita Cantina y Tequila Bar,4.2,426.0,"Mexican, Bar Food","Ground & first Floor, Mezcalita, No 950, 12th Main Road, Indiranagar, HAL 2nd Stage, Indiranagar, Bangalore",Bangalore,/bangalore/mezcalita-cantina-y-tequila-bar-1-indiranagar-bangalore/info,https://b.zmtcdn.com/data/pictures/9/22504379/9862a6ba9ef962942b43b7d04dbe9248_o2_featured_v2.jpg
Kazé,3.9,1909.0,"Japanese, Sushi, Thai","909 SKAV, 21st Floor, Lavelle Road, Bangalore",Bangalore,/bangalore/kazé-1-lavelle-road-bangalore/info,https://b.zmtcdn.com/data/pictures/1/18680821/e52f6c3992db1c6bc52f7ee9498d0eac_featured_v2.jpg
The Kind Roastery & Brew Room,4.4,1696.0,"Cafe, Coffee, Desserts","2985, 12th Main Road, HAL 2nd Stage, Indiranagar, Bangalore",Bangalore,/bangalore/the-kind-roastery-brew-room-indiranagar-bangalore/info,https://b.zmtcdn.com/data/pictures/9/21334629/207742123f5d3389a3b08341a8acae8a_featured_v2.jpg
Yaakay Bar And Canteen,4.4,2826.0,"South Indian, Bar Food, Mangalorean","Survey 29, Khata 316/316/323/2, 3rd Floor, Byatarayanapuri Village, Ward 7 Sahakara Nagar, Bangalore",Bangalore,/bangalore/yaakay-bar-and-canteen-sahakara-nagar-bangalore/info,https://b.zmtcdn.com/data/pictures/5/22282965/2b3ad967fbf19491f849ca6fbf3327a4_o2_featured_v2.jpg
TOY BOY,4.1,1560.0,"Bar Food, North Indian, Pizza","Second & Third Floor, Lulu Global Mall, Magadi Main Road, Gopalapura, Majestic, Bangalore",Bangalore,/bangalore/toy-boy-majestic-bangalore/info,https://b.zmtcdn.com/images/res_avatar_476_320_1x_new.png
Bayroute,4.4,600.0,Arabic,"T 68 & T 69, 3rd Floor, Mall Of Asia, Byatarayanapura, Sahakara Nagar, Bangalore",Bangalore,/bangalore/bayroute-sahakara-nagar-bangalore/info,https://b.zmtcdn.com/data/pictures/9/22435129/bb8a5ac8607f6c3e534f9afcc2800c41_o2_featured_v2.jpg
WelcomCafe Jacaranda - WelcomHotel By ITC Hotels,4.4,111.0,"Asian, Continental, North Indian","WelcomeHotel By ITC Hotels, Ashok Nagar, Richmond Road, Bangalore",Bangalore,/bangalore/welcomcafe-jacaranda-welcomhotel-by-itc-hotels-richmond-road-bangalore/info,https://b.zmtcdn.com/data/pictures/8/18591348/f63af2de7246c6be1acfcb5ee20205e9_featured_v2.jpg
Triple Eight Rooftop Bar & Kitchen,4.2,636.0,"Bar Food, Burger, Sandwich","53/1-2, SV ARCADE, 4TH FLOOR, BILEKAHALLI, BANNERGHATTA ROAD, Bommanahalli, B.B.M.P South, Karnataka-560076, 53/1-2, SV ARCADE, 4TH FLOOR, BILEKAHALLI, BANNERGHATTA ROAD, Bommanahalli, B.B.M.P South, Bannerghatta Road, Bangalore",Bangalore,/bangalore/triple-eight-rooftop-bar-kitchen-bannerghatta-road-bangalore/info,https://b.zmtcdn.com/data/pictures/3/22223693/382f995de734d039d05a4ce0b73112d4_o2_featured_v2.jpg
Paradise Biryani - A Legend Since 1953,4.2,40.0,"Biryani, Kebab, North Indian","Site 1 And 2, Survey 107/1 And 107/2, Dodda Thogur Village, Begur Hobli, Bommasandra, Bangalore",Bangalore,/bangalore/paradise-biryani-a-legend-since-1953-bommasandra-bangalore/info,https://b.zmtcdn.com/data/pictures/2/18308792/2ad378c6c6f7df56298ad74dce1995ac_featured_v2.jpg
Joynt Craft Bar & Kitchen,3.6,519.0,"North Indian, Chinese, South Indian","1098/a, Sy 54/1, Channasandra, Rajarajeshwari Nagar, Bangalore",Bangalore,/bangalore/joynt-craft-bar-kitchen-rajarajeshwari-nagar-bangalore/info,https://b.zmtcdn.com/data/pictures/5/22407335/373dfaa5cfcf682fb19f9d17c6d1cd78_o2_featured_v2.jpg
Kylin Experience,4.5,2398.0,"Sushi, Asian, Japanese","S-13, 2nd Floor, Phoenix Mall Of Asia, Park View Layout, Sahakara Nagar, Bangalore",Bangalore,/bangalore/kylin-experience-sahakara-nagar-bangalore/info,https://b.zmtcdn.com/data/pictures/8/21173358/fea538d32a52ed6ac00d51d40ced9b1a_featured_v2.jpg
Meeple Syrup Cafe,4.5,40.0,"Fast Food, Street Food, Sandwich","473, 1st Floor, HAL 3rd Stage, 10th Main Road, Jeevan Bhima Nagar, Bangalore",Bangalore,/bangalore/meeple-syrup-cafe-jeevan-bhima-nagar-bangalore/info,https://b.zmtcdn.com/data/pictures/7/22707277/218682165940bb3bd360eba4c89ec3a8_o2_featured_v2.jpg
Fenny's Lounge And Kitchen,4.2,15.0,"Mediterranean, Continental, Italian","115, 3rd Floor, Opposite Raheja Arcade, Koramangala 7th Block, Bangalore",Bangalore,/bangalore/fennys-lounge-and-kitchen-koramangala-7th-block/info,https://b.zmtcdn.com/data/pictures/7/54127/c90eb56892ba0d39e0ab0570c95ee6d9_featured_v2.jpg
Dali & Gala,4.8,297.0,"Burmese, Fusion","1, Upper Ground floor, Ashok Nagar, Museum Road, Near MG Road, Bangalore",Bangalore,/bangalore/dali-gala-mg-road-bangalore/info,https://b.zmtcdn.com/data/pictures/0/21597370/4ca02978335cf269cbfd47121447570c_featured_v2.jpg
The Lobby Lounge,4.5,180.0,"Cafe, Coffee, Continental","Artezia Hotel, 56-6B, Palace Road, Abshot Layout, Vasanth Nagar, Bengaluru",Bangalore,/bangalore/the-lobby-lounge-vasanth-nagar-bangalore/info,https://b.zmtcdn.com/data/pictures/9/18208359/a1e92e519bdbd4fb7f746279a3723b82_featured_v2.jpg
Geometry Gastropub,4.2,4209.0,"Continental, North Indian, Chinese","472, New BEL Road, Bangalore",Bangalore,/bangalore/geometry-gastropub-new-bel-road-bangalore/info,https://b.zmtcdn.com/data/pictures/3/20211103/92835170e9ce311213719af97cde1819_featured_v2.jpg
Soul Indian Specialty - Svenska Design Hotel,3.4,890.0,"North Indian, Kebab, Mughlai","56 D, Wipro Avenue, Electronic City Phase, Bommasandra, Bangalore",Bangalore,/bangalore/soul-indian-specialty-svenska-design-hotel-bommasandra-bangalore/info,https://b.zmtcdn.com/data/pictures/8/52308/350d55f982c70521741e186fb8e98d64_featured_v2.jpg
46 Ounces,4.1,1744.0,"North Indian, South Indian, Italian","Unit G 2-3-4, RMZ Infinity, Bennigana Halli, Old Madras Road, Bangalore",Bangalore,/bangalore/46-ounces-old-madras-road-bangalore/info,https://b.zmtcdn.com/data/pictures/0/20529900/64ad34766bb66f3b065d4952db7af2a3_featured_v2.jpg
Babylonia - Global Food & Cocktails,4.2,4441.0,"Continental, North Indian, Asian","9, KHB Colony, 20th Main Road, Koramangala 7th Block, Bangalore",Bangalore,/bangalore/babylonia-global-food-cocktails-koramangala-7th-block-bangalore/info,https://b.zmtcdn.com/data/pictures/8/20628188/a08e2a276a42528f11acce7cd6e7724d_featured_v2.jpg
The Black Pearl,3.9,25.0,"BBQ, North Indian, Biryani","7, 6th Floor, Swamy Lagoto Building, Outer Ring Road, Kadubeesanahalli, Bangalore",Bangalore,/bangalore/the-black-pearl-kadubeesanahalli-bangalore/info,https://b.zmtcdn.com/data/pictures/6/18387426/ab8abfd333469d3d2e36f6c72d6add5b_o2_featured_v2.jpg
Communiti,4.7,24.0,"American, Continental, European","67 - 68, Brigade Solitaire, Opposite Advaith Hyundai, Brigade Road, Bangalore",Bangalore,/bangalore/communiti-brigade-road-bangalore/info,https://b.zmtcdn.com/data/pictures/5/18430785/55f7990450f49aa2d017ce10b871c64b_featured_v2.jpg
Gaia - Global Vegetarian,4.2,1377.0,"North Indian, Chinese, Continental","283, Phase 6, KR Layout, Outer Ring Road, JP Nagar, Bangalore",Bangalore,/bangalore/gaia-global-vegetarian-jp-nagar-bangalore/info,https://b.zmtcdn.com/data/pictures/3/21514843/c78ed174ad387aa89688e5a6b6a37387_featured_v2.jpg
Suku Japanese And Thai Restaurant,4.4,3436.0,"Japanese, Thai, Sushi","Site 1329, BBMP 3426/1329, 3rd Floor, 24th Main, 2nd Stage, HSR, Bangalore",Bangalore,/bangalore/suku-japanese-and-thai-restaurant-hsr-bangalore/info,https://b.zmtcdn.com/data/pictures/4/20585084/e07e117fe10bfedeb2d90c054ad2dc35_featured_v2.jpg
Chulha Chauki Da Dhaba,4.2,19.0,"North Indian, Chinese, Kebab","40 Jodh Tower Jay 27th Cross 5th Main Road Jayanagar 4th Block, Jayanagar, Bangalore",Bangalore,/bangalore/chulha-chauki-da-dhaba-1-jayanagar-bangalore/info,https://b.zmtcdn.com/data/pictures/8/50268/784e35e62000356c851ebb683db3e0d5_featured_v2.jpg
Eight,4.4,2753.0,"Korean, Asian, Sushi","2nd Floor, Pheonix Mall Of Asia, Hebbal, Bangalore",Bangalore,/bangalore/eight-hebbal-bangalore/info,https://b.zmtcdn.com/data/pictures/5/20916935/80dc022133f3a672034efff51d45e4ec_o2_featured_v2.jpg
Toffee & Talk,4.1,199.0,"Desserts, Coffee","G1 NO 772 36TH CROSS ROAD 20TH MAIN ROAD 4TH T BLOCK B.B.M.P South, Karnataka-560041, Karnataka, Jayanagar, Bangalore",Bangalore,/bangalore/toffee-talk-jayanagar-bangalore/info,https://b.zmtcdn.com/data/pictures/7/21765697/e12336e759927632329fd431f1932eb0_o2_featured_v2.jpg
Hungry Hippie,4.1,4206.0,"North Indian, Italian, Continental","104, 4th Floor, Vijay Building, 5th Main, Koramangala 5th Block, Bangalore",Bangalore,/bangalore/hungry-hippie-koramangala-5th-block/info,https://b.zmtcdn.com/data/pictures/2/18362422/f1ff1fb7c89961d315d8828bc3e953ad_featured_v2.jpg
The Big Barbeque,4.0,14.0,"BBQ, Pizza, North Indian","88, 2nd Floor, Near More Supermarket, Outer Ring Road, Marathahalli, Bangalore",Bangalore,/bangalore/the-big-barbeque-marathahalli-bangalore/info,https://b.zmtcdn.com/data/pictures/1/19203051/80adda91ec837451d5525c7830d65f73_featured_v2.jpg
La Roserie,4.3,714.0,"Coffee, Tea, Shake","307, 3rd Block, CMR Road, Opposite Jal Vayu Vihar North Gate, HBR Layout, Bangalore",Bangalore,/bangalore/la-roserie-hbr-layout-bangalore/info,https://b.zmtcdn.com/data/pictures/6/21930706/bca3301cbb661711bbce8dc33cbcdfe6_o2_featured_v2.jpg
Meghana Foods,4.4,55.0,"Biryani, Andhra, North Indian","57/1, 1st Floor, Jayalaxmi Chambers, Near Old Galaxy Theatre, Residency Road, Bangalore",Bangalore,/bangalore/meghana-foods-residency-road/info,https://b.zmtcdn.com/data/pictures/9/51639/0c71ae59675b5b6b4f43ff45847f0b3b_featured_v2.jpg
Dock 66,4.1,3449.0,"North Indian, South Indian","36/2 & 36/3, Kundanahalli Village, EPIP Zone, Doddanakundi, Whitefield, Bangalore",Bangalore,/bangalore/dock-66-1-whitefield-bangalore/info,https://b.zmtcdn.com/data/pictures/7/20564267/0940a97a59b1136b5d6af430b8b48705_featured_v2.jpg
The Lokum,4.3,354.0,"Turkish, Continental, Kebab","5 A, Aizah International, 2nd Block, CMR Main Road, Kalyan Nagar, Bangalore",Bangalore,/bangalore/the-lokum-1-kalyan-nagar-bangalore/info,https://b.zmtcdn.com/data/pictures/4/22470444/5040fb67b7f3fda4940627e31c32f030_o2_featured_v2.jpg
Memories Resto Bar,4.0,890.0,"North Indian, Mughlai, Biryani","9, Above Union Bank of India, AECS Layout, Bommanahalli, Bangalore",Bangalore,/bangalore/memories-resto-bar-bommanahalli-bangalore/info,https://b.zmtcdn.com/data/pictures/8/21536698/f949c6655ce00a98b556da382ef6b79d_featured_v2.jpg
Hermitage,4.1,1011.0,"North Indian, Continental, Asian","58, 8th Main, 17th A Cross Road, Malleshwaram, Bangalore",Bangalore,/bangalore/hermitage-malleshwaram-bangalore/info,https://b.zmtcdn.com/data/pictures/6/21300576/f7410a012a69791c757bf6be9406761d_o2_featured_v2.jpg
Lucid Dreams Coffee,4.3,46.0,"Coffee, Cafe","PROPRIETOR PRASHANTH G T,NO. 232 GROUND FLOOR MOKSHAM BUILDING 20TH MAIN ROAD, 3RD CROSS, KHB COLONY, 5TH BLOCK. NEAR JUDGES PARK, BTM Layout, B.B.M.P South, Karnataka - 560095, PROPRIETOR PRASHANTH G T,NO. 232 GROUND FLOOR MOKSHAM BUILDING 20TH MAIN",Bangalore,/bangalore/lucid-dreams-coffee-koramangala-5th-block-bangalore/info,https://b.zmtcdn.com/data/pictures/0/22270790/d199885bbcd197fde0928fed29129767_o2_featured_v2.jpg
Smoor,4.6,19.0,"Desserts, Bakery, Beverages","1131, HAL 2nd Stage, 100 Feet Road, Indiranagar, Bangalore",Bangalore,/bangalore/smoor-2-indiranagar-bangalore/info,https://b.zmtcdn.com/data/pictures/chains/1/52971/07af169e8a35c5d3d2eadf17f5ca5a54_featured_v2.jpg
Bastian Garden City,3.6,1004.0,"Asian, Chinese, Seafood","4, Shanthala Nagar, Ashok Nagar, St. Marks Road, Bangalore",Bangalore,/bangalore/bastian-garden-city-st-marks-road-bangalore/info,https://b.zmtcdn.com/data/pictures/1/21083811/3661733d97c40a3d74c76304daac7c0b_featured_v2.jpg
Bombay Brasserie,4.2,2490.0,"Biryani, Desserts, Modern Indian","Unit 24, Upper Ground Floor, Orion Mall, Dr Rajkumar Road, Malleshwaram, Bangalore",Bangalore,/bangalore/bombay-brasserie-malleshwaram-bangalore/info,https://b.zmtcdn.com/data/pictures/4/21162424/c2fdcff0b017ec51bab83421d23939ec_featured_v2.jpg
Magique,4.0,7340.0,"Asian, Modern Indian, Continental","Plot 36, 100 Feet Road, Srinivagilu, Chandra Reddy Layout, S T Bed Layout, Opp. To Shilton Royale Hotel, Near SJR Junction, Koramangala 6th Block, Bangalore",Bangalore,/bangalore/magique-koramangala-6th-block-bangalore/info,https://b.zmtcdn.com/data/pictures/0/20540040/5e17eb8c2ab767d74de6169c2b1b0a50_featured_v2.jpg
Tipsy Bull- The Bar Exchange,4.1,3571.0,"Chinese, Biryani, Desserts","No 13/1 & 13/4, Ground First second third and fourth floor HOODI MAIN ROAD, NEXT TO HOODI METRO STATION, GRAPHITE INDIA ROAD HOODI VILLAGE, BENGALURU, 560048, B.B.M.P East, Karnataka-560048, Karnataka, Mahadevapura, Bangalore",Bangalore,/bangalore/tipsy-bull-the-bar-exchange-mahadevapura-bangalore/info,https://b.zmtcdn.com/data/pictures/6/21354176/f0309e0c884eccfe65f9ed7cee3f5786_featured_v2.jpg
Kebapci,4.2,5612.0,"Turkish, Middle Eastern, Mediterranean","74, KHB Colony, 17th E Main Road, Koramangala 6th Block, Bangalore",Bangalore,/bangalore/kebapci-koramangala-6th-block-bangalore/info,https://b.zmtcdn.com/data/pictures/8/19434788/56d9901a5823b13d524f374c4f808b5f_featured_v2.jpg
Jango Cafe & Cocktail,4.1,184.0,"Bar Food, South Indian, Mughlai","3rd Floor, Fortuna Square, Sahakarnagar Main Road, Sahakara Nagar, Bangalore",Bangalore,/bangalore/jango-cafe-cocktail-sahakara-nagar-bangalore/info,https://b.zmtcdn.com/data/pictures/2/22622222/627809ab5e34c94948e32d6e4e5fcc6e_o2_featured_v2.jpg
Shokudo,4.2,4699.0,"Korean, Thai, Asian","45, 1st Floor, H.B. Inspire, 11th Main Road, Shokudo Restaurant, 670, Aurobindo Marg, 4th Block, Jayanagar, Bangalore",Bangalore,/bangalore/shokudo-jayanagar-bangalore/info,https://b.zmtcdn.com/data/pictures/5/20883985/ce0de6a40d9c91307d815bce4bfa9eb6_featured_v2.jpg
Funzy Cafe,3.9,75.0,"Pasta, Pizza, Salad","46Th Cross Road, Near Naarithva, Jayanagar, Bangalore",Bangalore,/bangalore/funzy-cafe-jayanagar-bangalore/info,https://b.zmtcdn.com/data/pictures/1/21765581/faeffcdafc355aac28ddbbe612af91fb_o2_featured_v2.jpg
Toastid Co.,4.7,144.0,"Continental, Fast Food","225, Ground Floor, Domlur, Bangalore",Bangalore,/bangalore/toastid-co-domlur-bangalore/info,https://b.zmtcdn.com/data/pictures/2/21771372/f870a07465b30a99093a64b298c406a0_o2_featured_v2.jpg
Cafe Noir,4.2,2842.0,"Continental, French, Pizza","3275, Ground Floor, 12th Main Road, Hal 2nd Stage, Indiranagar, Bangalore",Bangalore,/bangalore/cafe-noir-1-indiranagar-bangalore/info,https://b.zmtcdn.com/data/pictures/chains/1/50221/dc7ffad82485a9b0e756792c9b48a51c_featured_v2.jpg
Isiri Restobar,4.2,5056.0,"North Indian, Bar Food, Desserts","39/3, Doddanakundi Junction, Opposite Soul Space Arena, Livin Hub The Business Hotel, Marathahalli, Bangalore",Bangalore,/bangalore/isiri-restobar-marathahalli-bangalore/info,https://b.zmtcdn.com/data/pictures/9/19343179/6b98e28d4f4afb195cecd21a4da42bd4_o2_featured_v2.jpg
Boteco Restaurante Brasileiro,4.3,110.0,Brazilian,"Argon South Block, S.78/1, 78/2, Unit R06, Bagmane Solarium City Campus, Dodda Nekkundi Extension, Mahadevapura, AECS Layout, Bangalore",Bangalore,/bangalore/boteco-restaurante-brasileiro-aecs-layout-bangalore/info,https://b.zmtcdn.com/data/pictures/9/22660689/6f32061b55f4870c587c861da0c9a1bf_o2_featured_v2.jpg
Olive Beach,4.2,2814.0,"Italian, Pizza, Mediterranean","16, Wood Street, Ashok Nagar, Richmond Road, Bangalore",Bangalore,/bangalore/olive-beach-richmond-road-bangalore/info,https://b.zmtcdn.com/data/pictures/2/50742/258fc067bcbdd723346f1581828f31c1_featured_v2.jpg
Easy Tiger,4.1,6395.0,"Finger Food, Continental","1/A, Church Street, Bangalore",Bangalore,/bangalore/easy-tiger-church-street-bangalore/info,https://b.zmtcdn.com/data/pictures/9/59869/5f3cd8a8abafbd48fc3032250978c426_featured_v2.jpg
Jewel Sizzle,4.0,1447.0,"South Indian, North Indian, Biryani","17, 1st Floor, Annaiah Reddy Layout, 5th Phase, Sarakkikere Village, Opposite HDFC Bank, 24th Main Road, JP Nagar, Bangalore",Bangalore,/bangalore/jewel-sizzle-jp-nagar-bangalore/info,https://b.zmtcdn.com/data/pictures/0/21566910/8d99ad0f14a0371f2233858999cbf811_featured_v2.jpg
Alchemy,4.5,4970.0,"North Indian, Continental, Biryani","135, The Chancery Pavilion, Shanthala Nagar, Residency Road, Bangalore",Bangalore,/bangalore/alchemy-residency-road-bangalore/info,https://b.zmtcdn.com/data/pictures/6/18689586/d75d60aeeffa8d4083a1aadf59dca4ea_featured_v2.jpg
OYE KAKE,4.0,57.0,"North Indian, Desserts, Indian","Ground Floor, Units 4 & 5, Indiqube Symphony, Craig Park Layout, Ashok Nagar, MG Road, Bangalore",Bangalore,/bangalore/oye-kake-1-mg-road-bangalore/info,https://b.zmtcdn.com/data/pictures/3/22699333/4bbe9f01-7c81-47d5-afa8-ae830641b0fb_o2_featured_v2.png
Mangroove Taproom and Kitchen,4.4,3282.0,"North Indian, Chinese, South Indian","25/6, Ground, 1st And 2nd Floor, Beratena Agrahara, BBMP South, Bommanahalli, Bangalore",Bangalore,/bangalore/mangroove-taproom-and-kitchen-bommanahalli-bangalore/info,https://b.zmtcdn.com/images/res_avatar_476_320_1x_new.png
Nasi And Mee,4.6,1731.0,"Asian, Sushi, Thai","17, Richmond Town, Near Dwija Art Gallery, Convent Road, Residency Road, Bangalore",Bangalore,/bangalore/nasi-and-mee-residency-road-bangalore/info,https://b.zmtcdn.com/data/pictures/chains/0/61480/d296028423dd0b8520223da20e1e0809_featured_v2.jpg
Windmills Craftworks,4.6,11.0,"Continental, North Indian, Mughlai","6Th Floor, Craftworks, 331, 5B Road, Shivaji Nagar, Epip Zone, Whitefield, Bangalore",Bangalore,/bangalore/windmills-craftworks-whitefield-bangalore/info,https://b.zmtcdn.com/data/pictures/2/53872/0bbaa0d510c7a16749568a9ef9544326_featured_v2.jpg
Barbecue By Punjab Grill,4.2,8006.0,"BBQ, Mughlai, North Indian","Unit T-1, 3rd Floor, Mantri Square Mall, Sampige Road, Malleshwaram, Bangalore",Bangalore,/bangalore/barbecue-by-punjab-grill-malleshwaram-bangalore/info,https://b.zmtcdn.com/data/pictures/5/18732665/332b2bfdc6f09a6acb5feef7eb43a4e9_featured_v2.jpg
ALE,4.2,175.0,"North Indian, Chinese, South Indian","86/6, 25th Cross Road, Jayanagar 3rd Block, Jayanagar, Bangalore",Bangalore,/bangalore/ale-jayanagar-bangalore/info,https://b.zmtcdn.com/images/res_avatar_476_320_1x_new.png
The Soya Chaap Co.,4.1,3757.0,North Indian,"1, Raghavendra Layout, Arakere, Kothanur Main Road, Bannerghatta Road, Bangalore",Bangalore,/bangalore/the-soya-chaap-co-bannerghatta-road-bangalore/info,https://b.zmtcdn.com/data/pictures/8/19982288/c647b6c021e485414d1c584f9d34efce_featured_v2.jpg
Flavors Of India,4.4,566.0,"Oriental, Chinese, Continental","57/1A, Devarabisanahalli, Outer Ring Road, Opposite Sakra World Hospital, Bellandur, Bangalore",Bangalore,/bangalore/flavors-of-india-bellandur-bangalore/info,https://b.zmtcdn.com/data/pictures/5/18487165/6db4c1ef00bffd548ae3fbd7e87dfbf3_featured_v2.jpg
Light Of Italy,4.2,1441.0,"Italian, Pizza, Pasta","669, 13th Cross, 27th Main Road, HSR, Bangalore",Bangalore,/bangalore/light-of-italy-hsr-bangalore/info,https://b.zmtcdn.com/data/pictures/2/20870932/feb2ec81b6f2b0aa5f36e68112d4ed41_featured_v2.jpg
White Garden,4.4,2831.0,"Chinese, North Indian","425, House, 2nd Block, 7th Main, 80 Feet Road, HRBR Layout, Kalyan Nagar, Bangalore, Karnataka",Bangalore,/bangalore/white-garden-kalyan-nagar-bangalore/info,https://b.zmtcdn.com/data/pictures/5/20660965/47b9c70d78209bd0be501cd495b64f6e_featured_v2.jpg
Hamilton,4.0,362.0,"Asian, European, Modern Indian","no 2 behind hdfc bank, Doddankundi industrial area 2 Seetharamaplaya hoodi 560048, Karnataka, Whitefield, Bangalore",Bangalore,/bangalore/hamilton-whitefield-bangalore/info,https://b.zmtcdn.com/images/res_avatar_476_320_1x_new.png
Garci,4.1,1019.0,"European, Continental, South Indian","51, Ground & Mezzanine Floor, 7th Block, Jayanagar, Bangalore",Bangalore,/bangalore/garci-jayanagar-bangalore/info,https://b.zmtcdn.com/images/res_avatar_476_320_1x_new.png
Kava Kitchen & Bar - Fairfield by Marriott,4.0,576.0,"North Indian, Continental, Salad","3-A1, Fairfield by Marriott Whitefield, Kundanahalli Main Road, Opposite IFB Campus, Whitefield, Mahadevapura, Bangalore",Bangalore,/bangalore/kava-kitchen-bar-fairfield-by-marriott-mahadevapura-bangalore/info,https://b.zmtcdn.com/data/pictures/8/18788018/035054ba5b1b11579463511a12b973fe_o2_featured_v2.jpg
Sip Society Bar & Kitchen,4.4,262.0,"Chinese, North Indian, South Indian","83/1, 1st Floor, Gopal Reddy Complex, Panathur Main Road, Kadubeesanahalli, Bangalore",Bangalore,/bangalore/sip-society-bar-kitchen-kadubeesanahalli-bangalore/info,https://b.zmtcdn.com/data/pictures/0/22672120/6dd23c936f5e497a9daae650c370a19d_o2_featured_v2.jpg
Quattro - The Leela Bhartiya City Bengaluru,4.0,1749.0,"North Indian, Mediterranean, European","6/1 6/2, Bhartiya City, Off Thanisandra Main Road, Chokkanahall Hegde Nagar, Jakkur, Bangalore",Bangalore,/bangalore/quattro-the-leela-bhartiya-city-bengaluru-jakkur-bangalore/info,https://b.zmtcdn.com/data/pictures/2/19852192/52d98b0c0cc9e0114fe79a84579f579e_o2_featured_v2.jpg
Fat Owl,3.8,3234.0,"North Indian, Salad, Fast Food","610, 1st Phase, 100 Feet Ring Road, JP Nagar, Bangalore",Bangalore,/bangalore/fat-owl-jp-nagar-bangalore/info,https://b.zmtcdn.com/data/pictures/2/19155882/53c21305fbf508d72253ebcda12feed6_o2_featured_v2.jpg
Vapour Brewpub And Diner,4.0,12.0,"North Indian, Continental, Italian","Floor 7, Bren Mercury, Kaikondrahalli Junction, Marathahalli Rd, Sarjapur Road, Bangalore",Bangalore,/bangalore/vapour-brewpub-and-diner-sarjapur-road-bangalore/info,https://b.zmtcdn.com/data/pictures/3/18585733/278597dd9242848dad546f5467179a8f_featured_v2.jpg
The Bangalore Cafe,4.3,12.0,"North Indian, Italian, Continental","4, Bheemanna Garden, Kengal Hanumanthaiah Road, Shanti Nagar, Bangalore",Bangalore,/bangalore/the-bangalore-cafe-1-shanti-nagar-bangalore/info,https://b.zmtcdn.com/data/pictures/5/18782265/8114a35397fcf5e4622f53910b752589_o2_featured_v2.jpg
Rua,3.9,62.0,"South Indian, North Indian, Biryani","Survey 90, 94 & 95, Ground Floor, Rajanakunte, Yelahanka, Bangalore",Bangalore,/bangalore/rua-yelahanka-bangalore/info,https://b.zmtcdn.com/data/pictures/5/22628485/851a63ffa99e5d5ce3766cc888b9d734_o2_featured_v2.jpg
Somras bar and kitchen,4.1,1442.0,"North Indian, South Indian, Chinese","1st floor, Somras bar and kitchen 1 sector 17th cross Karnataka, HSR, Bangalore",Bangalore,/bangalore/somras-bar-and-kitchen-1-hsr-bangalore/info,https://b.zmtcdn.com/data/pictures/8/21382698/3557f8e6583167913f4ce69927995ddd_featured_v2.jpg
Bamey's Gastro Bar,4.5,4388.0,Nepalese,"146, 3rd Floor, Jyoti Nivas College Road, next to William Penn Showroom, KHB Colony, Koramangala 5th Block, Bangalore",Bangalore,/bangalore/bameys-gastro-bar-1-koramangala-5th-block-bangalore/info,https://b.zmtcdn.com/data/pictures/0/21112610/d892a4d922e5accb35d03f97e3f4844c_o2_featured_v2.jpg
Siciliana,4.3,249.0,"Pizza, Pasta, Desserts","Unit T 30, 3rd Floor, Byatayanapura, Bellary Road, Sahakara Nagar, Bangalore",Bangalore,/bangalore/siciliana-sahakara-nagar-bangalore/info,https://b.zmtcdn.com/data/pictures/4/22692894/62fe05d5248fab30d60e95e938ca44a9_o2_featured_v2.jpg
The Pizza Bakery - Wood Fired Sourdough,4.3,5720.0,"Pizza, Desserts, Pasta","86, Coconut Grove, Spenser Building, Church Street, Bangalore",Bangalore,/bangalore/the-pizza-bakery-wood-fired-sourdough-church-street-bangalore/info,https://b.zmtcdn.com/data/pictures/0/19588640/7cd5665aeb27e98ac9d759c0a364513c_featured_v2.jpg
Truffles,4.5,28.0,"Burger, Italian, Desserts","1st Stage, 100 feet Road, Indiranagar, Bangalore",Bangalore,/bangalore/truffles-indiranagar/info,https://b.zmtcdn.com/data/pictures/chains/9/51039/b35c126e7d10cdaaf7c3b27236b62654_featured_v2.jpg
Poco A Poco Crescendo,4.1,1605.0,"Biryani, North Indian, Continental","10/9, Akshaya Nagar, Near DLF Westend Heights, Bannerghatta Main Road, Arekere, Bangalore",Bangalore,/bangalore/poco-a-poco-crescendo-arekere-bangalore/info,https://b.zmtcdn.com/data/pictures/0/22386090/8da2426910e4d93b8c68b4004c445f66_o2_featured_v2.jpg
The Godown,4.234118852459017,1991.6997950819673,"Bar Food, North Indian, Mughlai","4th Floor, 4th Floor, Laa Moonstone, Gollahalli, Phase I, Near Dream Mart Hyper Market, Electronic City, Bangalore",Bangalore,/bangalore/the-godown-electronic-city-bangalore/info,https://b.zmtcdn.com/data/pictures/7/22864187/5645d3749ef549b2c6b84ebe1fe0c58e_o2_featured_v2.jpg
Dobaraa,4.1,2244.0,"Continental, North Indian, Italian","Shop 13, 3rd Floor, Phoenix Mall of Asia, Batrayanpura, Bellary Main Road, Hebbal, Bangalore",Bangalore,/bangalore/dobaraa-hebbal-bangalore/info,https://b.zmtcdn.com/data/pictures/chains/8/20400098/3a5ba90eea95a4ed17614fb6ae3e585a_featured_v2.jpg
Ambedo Restaurant & Cocktail Bar,4.4,2995.0,"Continental, Asian, North Indian","554, Ground Floor, 3rd Phase, 9th Cross Road, JP Nagar, Bangalore",Bangalore,/bangalore/ambedo-restaurant-cocktail-bar-jp-nagar-bangalore/info,https://b.zmtcdn.com/data/pictures/3/20937763/e86b7fbc532f87ad533deb0d05f7e549_o2_featured_v2.jpg
Don't Tell Mama,4.0,3851.0,"North Indian, Continental, Chinese","13th Cross Road, Sector 6, HSR Layout, HSR, Bangalore",Bangalore,/bangalore/dont-tell-mama-1-hsr-bangalore/info,https://b.zmtcdn.com/data/pictures/8/18895688/00943a32f297c4b8ef0918dc2812b704_featured_v2.jpg
Marseli - Cafe & Patisserie,3.7,121.0,"Italian, Panini, American","Ground Floor, HSR Layout, 1st Sector, 24th Main Road, HSR, Bangalore",Bangalore,/bangalore/marseli-cafe-patisserie-hsr-bangalore/info,https://b.zmtcdn.com/images/res_avatar_476_320_1x_new.png
Bramble Kitchen & Bar,4.3,1628.0,"North Indian, Continental, Chinese","Panathur Main Road, Kadubeesanahalli, Bangalore",Bangalore,/bangalore/bramble-kitchen-bar-kadubeesanahalli-bangalore/info,https://b.zmtcdn.com/data/pictures/1/21380841/9902a8436da0bc42084f1f262015b3f6_featured_v2.jpg
Kailash Parbat,4.3,232.0,"North Indian, Street Food, Biryani","35/2, Ground Floor, Chaman Business Centre, SRT Road, Cunningham Road, Bangalore",Bangalore,/bangalore/kailash-parbat-cunningham-road-bangalore/info,https://b.zmtcdn.com/data/pictures/4/22580844/00fa1cf23719d1729b18da4da3edfca9_o2_featured_v2.jpg
Rajdhani,4.1,10.0,"Gujarati, North Indian, Rajasthani","2nd Floor, Orion Mall, Brigade Gateway, Dr. Rajkumar Road, Near Yeshwantpur, Malleshwaram, Bangalore",Bangalore,/bangalore/rajdhani-malleshwaram-bangalore/info,https://b.zmtcdn.com/data/pictures/0/53160/46f88e268984bc101e6ad255dc5db2fc_featured_v2.jpg
Kyba- Sushi Dim Sums & More,4.4,2982.0,"Chinese, Thai, Sushi","2655, Byatarayanapura, 17th Main Road, Near Kodigenahalli Gate, Sahakara Nagar, Bangalore",Bangalore,/bangalore/kyba-sushi-dim-sums-more-sahakara-nagar-bangalore/info,https://b.zmtcdn.com/data/pictures/8/20581778/794536370a7eb577a0b48fe65527a39f_featured_v2.jpg
Radio Bar,4.5,676.0,"Bar Food, North Indian, Seafood","Kiosk 24, South Gate, 31 RMZ Ecoworld Road, Near Adarsh Palm Retreat, Near The Bay, Adarsh Palm Retreat, Bellandur, Bangalore",Bangalore,/bangalore/radio-bar-bellandur-bangalore/info,https://b.zmtcdn.com/data/pictures/2/21120792/db31d31c5eb87c90ff33b8516ebd950f_featured_v2.jpg
Lotus Pavilion - ITC Gardenia,4.0,514.0,"Continental, North Indian, Beverages","1, Ashok Nagar, Residency Road, Bangalore",Bangalore,/bangalore/lotus-pavilion-itc-gardenia-residency-road-bangalore/info,https://b.zmtcdn.com/data/pictures/3/50623/808c968750234a35346ea2b39c744799_featured_v2.jpg
Conçu,4.6,3138.0,"Cafe, Fast Food","1089, 2nd Stage, 12th Main Road, Indiranagar, Bangalore",Bangalore,/bangalore/conçu-indiranagar-bangalore/info,https://b.zmtcdn.com/data/pictures/2/20765942/daf546de403c46b46959c871b040d85a_o2_featured_v2.jpg
Le Rock,4.1,1991.0,"Continental, Chinese, Fast Food","3, Rest House Road, Near Brigade Road, Bangalore",Bangalore,/bangalore/le-rock-brigade-road-bangalore/info,https://b.zmtcdn.com/data/pictures/5/51655/e0a9d7213ac4afd04d3ffec396188a99_featured_v2.jpg
Gabru Di Chaap,3.8,454.0,"North Indian, Momos, Fast Food","154, Sector-6, 9th Main Road, HSR, Bangalore",Bangalore,/bangalore/gabru-di-chaap-hsr-bangalore/info,https://b.zmtcdn.com/data/pictures/0/21304110/43755b4ce53b1ceccbb5b89fadd06a0d_featured_v2.jpg
Masara,4.5,112.0,"North Indian, Chinese, South Indian","Banaswadi, 1st block, Kalyan Nagar, Bangalore",Bangalore,/bangalore/masara-kalyan-nagar-bangalore/info,https://b.zmtcdn.com/data/pictures/9/22487999/1f9ed357917613f2fdeb321f53f3caa5_featured_v2.jpg
Chai Point,4.0,5519.0,Tea,"House 496, Salarpuria, Binnamangala 1st Stage Extension, Indiranagar, Bangalore",Bangalore,/bangalore/chai-point-5-indiranagar-bangalore/info,https://b.zmtcdn.com/data/pictures/1/19680541/f2c19af368c7deedd9fb377ff93622dd_featured_v2.jpg
Ala Dakshinapuramlo,4.2,648.0,"South Indian, Biryani, Desserts","Unit F126N127/FF 126/A, 1st Floor, Nexus Mall, Varthur Main Road, Whitefield, Bangalore",Bangalore,/bangalore/ala-dakshinapuramlo-varthur-main-road-whitefield-bangalore/info,https://b.zmtcdn.com/data/pictures/4/22476744/ee277812e4b5fa697f6dca629d2e704c_o2_featured_v2.jpg
Saporeii - Bar House Kitchen,4.2,51.0,"Pizza, North Indian, Grilled Chicken","56, Raj Villa, 5th Cross, 60 Feet Road, 6th Block, Koramangala 5th Block, Bangalore",Bangalore,/bangalore/saporeii-bar-house-kitchen-koramangala-5th-block-bangalore/info,https://b.zmtcdn.com/images/res_avatar_476_320_1x_new.png
Melange- Radisson Blu Outer Ring Road,4.3,3156.0,"North Indian, South Indian, Continental","90/4, Munnekollaly, Outer Ring Road, Radisson Blu Hotel, Marathahalli, Bangalore",Bangalore,/bangalore/melange-radisson-blu-outer-ring-road-marathahalli-bangalore/info,https://b.zmtcdn.com/data/pictures/chains/3/52373/795cdf2b4050651820e3f14efce46921_featured_v2.jpg
1522 - The Pub,4.2,5756.0,"Bar Food, North Indian, Chinese","613, 15th Cross, 6th Phase, 100 Feet Road, Opposite Sindhoor Convention Center, JP Nagar, Bangalore",Bangalore,/bangalore/1522-the-pub-jp-nagar-bangalore/info,https://b.zmtcdn.com/data/pictures/5/19224365/7677ea7dcf3d3c4373f0ac5655fb1b6f_featured_v2.jpg
Brunch Project,4.1,295.0,"Continental, Sandwich, Fast Food","439, Koramangala 4th Block, Bangalore",Bangalore,/bangalore/brunch-project-1-koramangala-4th-block-bangalore/info,https://b.zmtcdn.com/data/pictures/1/21422071/2ccb0a69b4807d6e6b0f35055b691527_featured_v2.jpg
The Big Baadshaah,4.0,4281.0,"Chinese, Continental, Asian","88, Second Floor, Outer Ring Road, Near More Supermarket, Marathahalli, Bangalore",Bangalore,/bangalore/the-big-baadshaah-marathahalli-bangalore/info,https://b.zmtcdn.com/data/pictures/4/20305574/05bb2e1df2341ee0e8135d63a2f63094_o2_featured_v2.jpg
Altitude Kitchen & Bar,4.1,2238.0,"Chinese, Salad, Sandwich","Floor 4th and 5th Floor, Building / Flat 5, Siddaiah Puranik Road, Basaveshwara Nagar, Bangalore",Bangalore,/bangalore/altitude-kitchen-bar-basaveshwara-nagar-bangalore/info,https://b.zmtcdn.com/data/pictures/1/19925361/e2c62d440e00f6314151990f0e97ea4a_featured_v2.jpg
Rarus,4.1,139.0,"North Indian, Chinese, Fast Food","63/2, 3rd Block, 8th Main, Jayanagar, Bangalore",Bangalore,/bangalore/rarus-jayanagar-bangalore/info,https://b.zmtcdn.com/data/pictures/7/22406197/0ef5433f0aa8be25950207a7352171ad_o2_featured_v2.jpg
The Kabab Studio - Goldfinch Hotel,4.1,1836.0,"North Indian, Chinese, Continental","32/3, Crescent Rd, Inside Goldfinch Hotel, Off Race Course Road, High Grounds, Gandhi Nagar, Near Shivananda Circle, Seshadripuram, Bangalore",Bangalore,/bangalore/the-kabab-studio-goldfinch-hotel-seshadripuram-bangalore/info,https://b.zmtcdn.com/data/pictures/chains/8/18246498/a1ca4048b9ec84ec6ce42b1f68bd7a06_featured_v2.jpg
Curry Story,3.7,549.0,"Bengali, North Indian, Desserts","185/A, 23rd Main, Sector 23rd, 22nd Cross Road, HSR, Bangalore",Bangalore,/bangalore/curry-story-hsr-bangalore/info,https://b.zmtcdn.com/data/pictures/0/21723870/f6d804f63bccafffeecc70c733333c05_featured_v2.jpg
Nandhini Deluxe,4.2,3026.0,"North Indian, Biryani, Andhra","39, Kottigepalya Ward 73, Nagarabhavi Ii Stage, Nagarbhavi, Bangalore",Bangalore,/bangalore/nandhini-deluxe-nagarbhavi-bangalore/info,https://b.zmtcdn.com/data/pictures/chains/4/50714/eeb93fd7b9af32b186b82db924a1bb9a_featured_v2.jpg
Monkey Bar,4.0,379.0,"Burger, Mexican","1, Shanthinagara, The Museum Road, Church Street, Bangalore",Bangalore,/bangalore/monkey-bar-church-street-bangalore/info,https://b.zmtcdn.com/data/pictures/0/20883160/e9ae983f14e47adcbda770bf4b3a27ce_featured_v2.jpg
Maravanthe,4.4,10.0,"North Indian, Seafood, Mangalorean","322/1, 1st Floor, CMH Road, Opposite Metro Pillar 17, Indiranagar, Bangalore",Bangalore,/bangalore/maravanthe-indiranagar/info,https://b.zmtcdn.com/data/pictures/9/18571539/206f55eaa34d8a6d47c1b20dd1e11ff9_featured_v2.jpg
Oz by Kebapci,4.2,2225.0,"Turkish, Mediterranean, Kebab","UNIT NO.SF-201A, 2D FLOOR, CONCORDE BLOCK, UB CITY, VITTAL MALLAYA ROAD, ASHOK NAGAR- BANGALORE, SHIVAJINAGARA, B.B.M.P EAST, KARNATAKA 560001, Karnataka",Bangalore,/bangalore/oz-by-kebapci-lavelle-road-bangalore/info,https://b.zmtcdn.com/data/pictures/5/20399275/f0e2836a73503d996ebecbf65cfad301_featured_v2.jpg
Beanlore,4.2,645.0,"Cafe, Coffee, Tea","503, CMH Road, Indiranagar, Bangalore",Bangalore,/bangalore/beanlore-indiranagar-bangalore/info,https://b.zmtcdn.com/data/pictures/4/22179114/3d02e623fd4aa369d3b198e8a2161e2d_o2_featured_v2.jpg
Cosmo Dhaba,4.1,1565.0,"Biryani, Chinese, Indo-Chinese","2633, 2nd Floor, 27th Main, 13th Cross, HSR, Bangalore",Bangalore,/bangalore/cosmo-dhaba-hsr-bangalore/info,https://b.zmtcdn.com/data/pictures/4/20648544/2ca0865c8693d89ab6d4d800a8a38698_featured_v2.jpg
Dyu Art Cafe,4.4,6002.0,"Cafe, Continental, Burger","23, KHB Colony, Koramangala 8th Block, Bangalore",Bangalore,/bangalore/dyu-art-cafe-koramangala-8th-block-bangalore/info,https://b.zmtcdn.com/data/pictures/2/56542/47bcab78a450dba99723b9a82e3a854b_featured_v2.jpg
Eywa,4.4,182.0,"Continental, Fast Food, Bakery","101, 3786, 2nd Stage, 13th Cross Road, Banashankari, Bangalore",Bangalore,/bangalore/eywa-banashankari-bangalore/info,https://b.zmtcdn.com/data/pictures/5/21930685/fdb34e156671d9c14372968fe2c073b7_o2_featured_v2.jpg
Merigo,4.234118852459017,1991.6997950819673,"North Indian, Beverages, Continental","Hotel Building 2, Hilton Garden Inn Embassy TechVillage, 2nd Floor, Outer Ring Road, Block 8, Kadubeesanahalli, Bangalore",Bangalore,/bangalore/merigo-kadubeesanahalli-bangalore/info,https://b.zmtcdn.com/images/res_avatar_476_320_1x_new.png
1947,4.1,2615.0,"North Indian, Chinese, Salad","3, 2nd Floor, RKN Towers, 4th Main Road, KR Puram, Bangalore",Bangalore,/bangalore/1947-kr-puram-bangalore/info,https://b.zmtcdn.com/data/pictures/7/21028047/f5d82d63c9011addcf1ab709bc89b490_featured_v2.jpg
The Aviary - Jw Marriott Prestige Golfshire Resort And Spa,4.3,218.0,"South Indian, North Indian","JW Marriott Bengaluru Prestige Golfshire Resort & Spa, Nandi Hills Road, Karahalli Post, Kundana Hobli, Devanahalli, Bangalore",Bangalore,/bangalore/the-aviary-jw-marriott-prestige-golfshire-resort-and-spa-devanahalli/info,https://b.zmtcdn.com/data/pictures/1/20204641/0d201e679bdbbce5f7919da413080564_featured_v2.jpg
Jaga,4.1,322.0,"South Indian, North Indian, Chinese","699/D, 11th Block, 2nd Stage, 6th Main Road, Nagarbhavi, Bangalore",Bangalore,/bangalore/jaga-nagarbhavi-bangalore/info,https://b.zmtcdn.com/data/pictures/0/22584510/44c2a91e0e9e3b35b3bbda9e1dae4bb5_o2_featured_v2.jpg
Feast - Sheraton Grand Bengaluru Whitefield Hotel & Convention Centre,4.2,1842.0,"Continental, South Indian, North Indian","Sheraton Grand Bengaluru Whitefield Hotel & Convention Center, Prestige Shantiniketan, Whitefield, Bangalore",Bangalore,/bangalore/feast-sheraton-grand-bengaluru-whitefield-hotel-convention-centre-whitefield-bangalore/info,https://b.zmtcdn.com/data/pictures/4/18661094/fa0ec0e329e74712f5ee4da14e961306_featured_v2.jpg
Story of Kolkata,4.4,387.0,"North Indian, Chinese, South Indian","1st Floor, 134 MIG, KHB colony, Koramangala 5th Block, Bangalore",Bangalore,/bangalore/story-of-kolkata-koramangala-5th-block-bangalore/info,https://b.zmtcdn.com/images/res_avatar_476_320_1x_new.png
Watson's,3.9,2529.0,"North Indian, Continental, Italian","777/I, 2nd Floor, 100 Feet Road, HAL 2nd Stage, Doopanahalli, Indiranagar, Bangalore",Bangalore,/bangalore/watsons-indiranagar-bangalore/info,https://b.zmtcdn.com/data/pictures/chains/9/58819/4175f96cf616ad965bb8c54add7f5438_featured_v2.jpg
Bistro Claytopia,4.2,4894.0,"Cafe, American, Italian","11, 80 Feet Road, Near SBI, Koramangala 1st Block, Bangalore",Bangalore,/bangalore/bistro-claytopia-koramangala-1st-block/info,https://b.zmtcdn.com/data/pictures/chains/6/51396/0c8bc76200c42cf0ea6b9f6822fd1d97_featured_v2.jpg
Plente,4.4,214.0,"Beverages, Salad, Continental","34, CV Raman Hospital Road, Hal, Stage 3, Indiranagar, Bangalore",Bangalore,/bangalore/plente-indiranagar-bangalore/info,https://b.zmtcdn.com/images/res_avatar_476_320_1x_new.png
Beyondburg Inc,4.2,374.0,"Burger, American, Fast Food","267, Ground Floor, 1st Main, 2nd Stage, Indiranagar, Bangalore, Karnataka",Bangalore,/bangalore/beyondburg-inc-indiranagar-bangalore/info,https://b.zmtcdn.com/data/pictures/3/22522973/66fd4b79167b7ae1ebce1b750f80e46b_featured_v2.jpg
Hunan Square,4.4,1805.0,"Chinese, Thai, Rolls","155, Legacy Building, Neeladhri Park, Electronic City, Bangalore",Bangalore,/bangalore/hunan-square-1-electronic-city-bangalore/info,https://b.zmtcdn.com/data/pictures/chains/6/20376216/85a39e6ccc618eb7dacb2d43e0b4a558_featured_v2.jpg
Desi Quotient,4.234118852459017,1991.6997950819673,"Italian, Gujarati, Finger Food","Hotel Building 2, Block 8, Hilton Garden Inn Embassy TechVillage, Ground Floor, Marathahalli–Sarjapur Outer Ring Road, Devarabisanahalli, Kadubeesanahalli, Bangalore",Bangalore,/bangalore/desi-quotient-kadubeesanahalli-bangalore/info,https://b.zmtcdn.com/images/res_avatar_476_320_1x_new.png
The Clink,4.2,78.0,"Italian, Beverages, Mughlai","47/1, Sri Krishna Arcade, Sarakki Layout, 3rd Phase, 9th Cross, 1st Main Road, JP Nagar, Bangalore",Bangalore,/bangalore/the-clink-jp-nagar-bangalore/info,https://b.zmtcdn.com/data/pictures/0/22693820/e890b288396fe5a89b79163b1a0f483b_o2_featured_v2.jpg
Solbrew,4.234118852459017,1991.6997950819673,"Coffee, Beverages","2nd Main Road, 1st Stage, Binnamangala, Indiranagar, Bangalore",Bangalore,/bangalore/solbrew-indiranagar-bangalore/info,https://b.zmtcdn.com/images/res_avatar_476_320_1x_new.png
TFG,4.1,56.0,"Desserts, Cafe, Bakery","Palm Meadows, Miraya Rose, Siddapura, Brookefield, Bangalore",Bangalore,/bangalore/tfg-1-brookefield-bangalore/info,https://b.zmtcdn.com/data/pictures/6/22734816/56a01b5c00e05616914f4a80fc087f1b_o2_featured_v2.jpg
Picante,4.234118852459017,1991.6997950819673,"Mexican, Italian, Beverages","29/1, circle, Nagappa St, 4th Block, Nehru Nagar, Seshadripuram, Bangalore",Bangalore,/bangalore/picante-seshadripuram-bangalore/info,https://b.zmtcdn.com/images/res_avatar_476_320_1x_new.png
Rosewood International Hotel - Bar & Restaurant,4.2,130.0,"North Indian, Chinese, Oriental","19/1, New Timberyard Layout, Near Satellite Bus Stop, Telecom Colony, Mysore Road, Banashankari, Bangalore",Bangalore,/bangalore/rosewood-international-hotel-bar-restaurant-banashankari-bangalore/info,https://b.zmtcdn.com/data/pictures/6/18373386/6cdaea86cad9b53d9ffd3ffd276718e2_featured_v2.jpg
Chalo Punjab,4.1,112.0,"North Indian, Seafood, Mughlai","23/24/25, 4th Floor, Outer Ring Road, Bellandur, Bangalore",Bangalore,/bangalore/chalo-punjab-bellandur-bangalore/info,https://b.zmtcdn.com/data/pictures/6/22551216/0ae34e34bb37c2b05268a41a284ce967_o2_featured_v2.jpg
Enne,3.9,1805.0,"South Indian, Andhra, Seafood","30, 3rd Floor, Sampige Road, Malleshwaram, Bangalore",Bangalore,/bangalore/enne-malleshwaram-bangalore/info,https://b.zmtcdn.com/data/pictures/1/20717421/f855bcc28808c98ac53778f7a3076911_featured_v2.jpg
Dhaba Stories,4.2,1080.0,North Indian,"121/2, First Floor, Fiaecs Layout C Block, Aecs Layout, Brookefield, Bangalore",Bangalore,/bangalore/dhaba-stories-brookefield-bangalore/info,https://b.zmtcdn.com/data/pictures/3/21707773/33e7d799c389e5e087b75d259757bba9_o2_featured_v2.jpg
Panacea Lounge And Cocktail Bar,4.1,75.0,"Indian, Chinese, Pizza","35, 2nd Floor, Marathahalli - Sarjapur Outer Ring Road, Opposite Oracle and JP Morgan, Kadubeesanahalli, Bangalore",Bangalore,/bangalore/panacea-lounge-and-cocktail-bar-kadubeesanahalli-bangalore/info,https://b.zmtcdn.com/data/pictures/3/22550703/c7cff1d1-4692-48f4-baff-eee30bf4a7f3_o2_featured_v2.png
INDIAN HAVELI,3.5,219.0,North Indian,"77/19, Varthur Main Road, Whitefield, Bangalore",Bangalore,/bangalore/indian-haveli-varthur-main-road-whitefield-bangalore/info,https://b.zmtcdn.com/data/pictures/5/21208315/a923d6463d5bf930760c5e9948cb3615_featured_v2.jpg
Mūru Mūru,4.5,1993.0,"Cafe, Coffee, North Indian","33, BBMP 82-1-33, Binnamangala Layout, Indiranagar, Bangalore",Bangalore,/bangalore/m-ru-m-ru-1-indiranagar-bangalore/info,https://b.zmtcdn.com/data/pictures/6/21248226/bc01fbd2de3cfff239a867201abb7ec0_featured_v2.jpg
Todz Pub,4.234118852459017,1991.6997950819673,"North Indian, North Eastern, Chinese","125, 3rd Floor, Shri Rama Arcade, Visthar, Bagalur Main Road, Hennur, Bangalore",Bangalore,/bangalore/todz-pub-hennur-bangalore/info,https://b.zmtcdn.com/data/pictures/3/22834483/896c0387a90eb561af3c39309d07bbf0_o2_featured_v2.jpg
AB's - Absolute Barbecues,4.0,6798.0,"North Indian, BBQ, Biryani","3rd Floor, 106 SY 1, Phase I, Doddathoguru, Electronic City, Bangalore",Bangalore,/bangalore/abs-absolute-barbecues-electronic-city-bangalore/info,https://b.zmtcdn.com/data/pictures/chains/8/56618/6a6a4973150286cbe92235f366c97853_featured_v2.jpg
Brine,4.2,212.0,European,"872-B, Ground Floor, HAL 2nd Stage, 80 Feet Road, Indiranagar, Bangalore",Bangalore,/bangalore/brine-indiranagar-bangalore/info,https://b.zmtcdn.com/images/res_avatar_476_320_1x_new.png
Shelby Rooftop Taproom & Kitchen,4.0,2354.0,"Asian, North Indian","Site 626, Municipal Katha 324, 2nd Stage, Vinayaka Badavane, 100 ft Road, Nagarbhavi, Bangalore",Bangalore,/bangalore/shelby-rooftop-taproom-kitchen-nagarbhavi-bangalore/info,https://b.zmtcdn.com/data/pictures/7/20985507/da9f7c6642d884e89b2433818ad76928_o2_featured_v2.jpg
The Terminus - The Oterra,4.3,250.0,"Finger Food, Continental, Beverages","The Oterra Hotel, 43, Hewlett Packard Avenue, Electronic City Phase I, Electronic City, Bangalore",Bangalore,/the-terminus/info,https://b.zmtcdn.com/data/pictures/4/53914/503afb3b0e074c4ef43d97627f642316_featured_v2.jpg
ROOTS & RISE,4.5,264.0,"North Indian, Chinese, Fast Food","Ground Floor, 82/2A, Gantiganahalli, Yelahanka, Bangalore",Bangalore,/bangalore/roots-rise-yelahanka-bangalore/info,https://b.zmtcdn.com/images/res_avatar_476_320_1x_new.png
Empire Restaurant - Since 1966,4.2,45.0,"North Indian, Biryani, Kebab","232, 6th Cross, Subedar Chatham Road, Gandhi Nagar, Majestic, Bangalore",Bangalore,/bangalore/empire-restaurant-since-1966-majestic-bangalore/info,https://b.zmtcdn.com/data/pictures/9/59009/080e3b891faedb1b000b526778631884_featured_v2.jpg
Casa Fresco,4.2,2778.0,"American, Italian, Pasta","73, Sector 1, 27th Main Road, HSR, Bangalore",Bangalore,/bangalore/casa-fresco-1-hsr-bangalore/info,https://b.zmtcdn.com/data/pictures/4/20136624/d963374999d3e6e5e47c0d0e1c5dced4_featured_v2.jpg
The Green Pearl,3.4,503.0,"Chinese, Indian, Continental","Survey 140/141, Near LG City, Anekal, Bangalore",Bangalore,/bangalore/the-green-pearl-anekal-bangalore/info,https://b.zmtcdn.com/data/pictures/4/22549464/b484602883d1f2735cbb8b8df0070cd6_featured_v2.jpg
Aarna - Modern Day Dining & Cafe,4.5,37.0,"Cafe, Coffee, North Indian","54, PWD Quarters, 54, 1st Sector, Haralur Main Road, Near Sarjapur Road, Bangalore",Bangalore,/bangalore/aarna-modern-day-dining-cafe-sarjapur-road-bangalore/info,https://b.zmtcdn.com/images/res_avatar_476_320_1x_new.png
Sorse,4.2,18.0,"Bengali, Seafood, Desserts","205/A, SH 35, Third Floor, Arcadia Grace, Sathya Sai Layout, ITPL Main Road, Whitefield, Bangalore",Bangalore,/sorse/info,https://b.zmtcdn.com/data/pictures/chains/6/60406/5ffeb12f7806d5689bb990d79272f577_featured_v2.jpg
Coffee Brewery,3.7,65.0,"Cafe, Fast Food, Bakery","The Coffee Brewery - My Chai Stories, No. 3974, 4th phase VBHCS Girinagar , Banashankri 3rd stage , Basavanagudi, B.B.M.P South, Karnataka-560085, Karnataka",Bangalore,/bangalore/coffee-brewery-banashankari-bangalore/info,https://b.zmtcdn.com/data/pictures/7/21997137/c68fbe98febfc31b01556fffb48bd23c_featured_v2.jpg
Talli Terrace,4.2,1697.0,"North Indian, Chinese, Fast Food","29, Church St, Shanthala Nagar, Ashok Nagar, Church Street, Bangalore",Bangalore,/bangalore/talli-terrace-church-street-bangalore/info,https://b.zmtcdn.com/data/pictures/3/20425523/2a85126421d224f8fb3e3f6de70153dc_featured_v2.jpg
KA 01- Ibis Hotel,4.2,2287.0,"Finger Food, North Indian, Kebab","Plot 30, Sampangi Nagar, Raja Ram Mohan Roy Road, Near Lavelle Road, Bangalore",Bangalore,/bangalore/ka-01-ibis-hotel-lavelle-road-bangalore/info,https://b.zmtcdn.com/data/pictures/6/19065156/1392ea94aeb42bdf82e423be66518be6_o2_featured_v2.jpg
Shiv Sagar Signature,4.1,4838.0,"Street Food, Fast Food, Continental","45/1-1, 17th Main, 2nd Phase, JP Nagar, Bangalore",Bangalore,/bangalore/shiv-sagar-signature-jp-nagar-bangalore/info,https://b.zmtcdn.com/data/pictures/1/19271721/d9a918ba302a1969651d1502e6d798a2_o2_featured_v2.jpg
UTK - United Telugu Kitchens,3.8,1445.0,"Andhra, Chinese, South Indian","Unit Nos, 3F-303 -3F -306, Third Floor Forum falcon City No 31 Kanakapura Road, Bangalore",Bangalore,/bangalore/utk-united-telugu-kitchens-1-kanakapura-road-bangalore/info,https://b.zmtcdn.com/data/pictures/0/21097440/7b59dd00c903fe6a2586097ae54a052d_featured_v2.jpg
Phobidden Fruit,4.5,5725.0,"Vietnamese, Asian, Desserts","965, 12th Main, HAL 2nd Stage, Off 100 Feet Road, Indiranagar, Bangalore",Bangalore,/bangalore/phobidden-fruit-indiranagar/info,https://b.zmtcdn.com/data/pictures/0/51600/39fe89d8162d7ca164821ce046d5e1be_featured_v2.jpg
Carnival de Goa,4.1,3574.0,"Goan, Seafood, Continental","8/6, 1st Floor, Kensington Point, Ulsoor Road, Near Ulsoor, Bangalore",Bangalore,/bangalore/carnival-de-goa-ulsoor/info,https://b.zmtcdn.com/data/pictures/7/53397/86d21eed3af5f31ea9ede7ce6c4b8b1a_featured_v2.jpg
The Grill House - Steaks & Sizzlers,4.4,4051.0,"American, Mexican, Italian","8/6, Ulsoor Road, Near Kensington Point, Ulsoor, Bangalore",Bangalore,/bangalore/the-grill-house-steaks-sizzlers-ulsoor-bangalore/info,https://b.zmtcdn.com/data/pictures/8/51108/500a81c356c6d91607534637097f3867_featured_v2.jpg
Nakkshatra by Nagarjuna,4.6,1788.0,"Asian, North Indian, Chinese","88, 1st Floor, Outer Ring Road, Marathahalli, Bangalore",Bangalore,/bangalore/nakkshatra-by-nagarjuna-marathahalli-bangalore/info,https://b.zmtcdn.com/data/pictures/chains/6/18573016/8d056c433d21e8a6fa9d09f5f0a455a7_featured_v2.jpg
Cold Stone Creamery,4.4,9793.0,"Beverages, Desserts, Ice Cream","120, Ground Floor, EPIP Zone, Near BMTC Bus Depot, Whitefield, Bangalore",Bangalore,/bangalore/cold-stone-creamery-whitefield/info,https://b.zmtcdn.com/data/pictures/chains/9/18353089/9e7cfd42d76d0309dc30264d6679591c_o2_featured_v2.jpg
Urban Solace,4.1,1176.0,"Continental, American, Burger","32, Annaswamy Mudaliar Road, Opposite Ulsoor Lake, Ulsoor, Bangalore",Bangalore,/bangalore/urban-solace-ulsoor-bangalore/info,https://b.zmtcdn.com/data/pictures/chains/9/51789/ec8477b320e2029ba68b8f97a1ad4d21_featured_v2.jpg
Drunken Daddy,4.2,3542.0,"North Indian, Continental, Fast Food","46, Ground Floor, 4th B Cross, Industrial Layout, Koramangala 7th Block, Bangalore",Bangalore,/bangalore/drunken-daddy-koramangala-7th-block-bangalore/info,https://b.zmtcdn.com/data/pictures/1/19685151/5c9e343caf3a6238a15a0473cd6917c1_featured_v2.jpg
Travellers Bungalow,4.3,1755.0,"Street Food, North Indian, Middle Eastern","2989/B, 1st & 2nd Floor, 12th Main Road, Indiranagar, Bangalore",Bangalore,/bangalore/travellers-bungalow-1-indiranagar-bangalore/info,https://b.zmtcdn.com/data/pictures/8/20387248/19abbc5de6ee699df08b37faea468ff5_featured_v2.jpg
The Indian Eatery,4.5,767.0,"Chinese, Mughlai","3C-959, 3rd Cross, 1st Block, Kalyan Nagar, Bangalore",Bangalore,/bangalore/the-indian-eatery-4-kalyan-nagar-bangalore/info,https://b.zmtcdn.com/data/pictures/3/21836403/70accf32dd383272c122ac955b9995de_o2_featured_v2.jpg
Nana's,4.1,10.0,"North Indian, Fast Food, Pizza","100/6, Varthur Main Road, Whitefield, Bangalore",Bangalore,/bangalore/nanas-varthur-main-road-whitefield-bangalore/info,https://b.zmtcdn.com/images/res_avatar_476_320_1x_new.png
Pabrai's Fresh & Naturelle Icecreams,4.3,2301.0,"Ice Cream, Desserts","964, 965 M R Complex, 27th Main, Sector 1, HSR, Bangalore",Bangalore,/bangalore/pabrais-fresh-naturelle-icecreams-hsr-bangalore/info,https://b.zmtcdn.com/data/pictures/7/54507/39bc56318574be5a1d87874fbf97c1a9_featured_v2.jpg
Boho,4.2,5599.0,"Continental, Asian, American","105, 1st A Cross, KHB Colony, Koramangala 5th Block, Bangalore",Bangalore,/bangalore/boho-koramangala-5th-block/info,https://b.zmtcdn.com/data/pictures/9/18608099/887ed165758ed0734e309377ca90601d_o2_featured_v2.jpg
Xin Den,4.4,1017.0,"Chinese, Asian, Desserts","10, 14th Main Road, Jakkasandra, 1st Sector, HSR Layout, 5th Sector, HSR, Bangalore",Bangalore,/bangalore/xin-den-2-hsr-bangalore/info,https://b.zmtcdn.com/data/pictures/3/21340053/5edb55d49f78109866aee89425593cb6_featured_v2.jpg
"Torye Drink, Dine & Dance",4.2,3591.0,Continental,"349/36, 342, Hemmigepura, Ward 198, Channasandra Main Road, Near Full Circle, Rajarajeshwari Nagar, Bangalore",Bangalore,/bangalore/torye-drink-dine-dance-rajarajeshwari-nagar-bangalore/info,https://b.zmtcdn.com/data/pictures/8/20987128/898efa25bd3208f0145c562f814c54cf_featured_v2.jpg
Iris Cafe,4.3,1963.0,"Irish, Italian, Beverages","17/J, 18th Cross, Sector 3, HSR, Bangalore",Bangalore,/bangalore/iris-cafe-hsr-bangalore/info,https://b.zmtcdn.com/data/pictures/9/19531519/172ed9d5b51bc1eba4d5fab71c4baea4_featured_v2.jpg
Flavour Of Shanghai,4.4,718.0,"Thai, Chinese, Fast Food","5, 2nd Floor, Suman Plaza, Talacauvery Housing Society Layout, Basavanagara, Vbhuthipura, Marathahalli, Bangalore",Bangalore,/bangalore/flavour-of-shanghai-marathahalli-bangalore/info,https://b.zmtcdn.com/data/pictures/chains/5/18154905/9542c97ca6e0b0626be28f1a94c5bb48_featured_v2.jpg
Native Bar and Indian Kitchen,4.4,1654.0,"Andhra, Bar Food, Beverages","Flat 421/Q, Shri Krishna Temple Road, 1st Stage, K R Puram, Indiranagar, Bangalore",Bangalore,/bangalore/native-bar-and-indian-kitchen-indiranagar-bangalore/info,https://b.zmtcdn.com/data/pictures/1/21504061/da8e8c1b4313a4133fef4fe3e81e252a_o2_featured_v2.jpg
We: Neighborhood,4.6,12.0,"North Indian, Continental, Burger","67 & 67/1, Brigade Solitaire, Residency Road, Opposite Advaith Hyundai, Brigade Road, Bangalore",Bangalore,/bangalore/we-neighborhood-brigade-road-bangalore/info,https://b.zmtcdn.com/data/pictures/8/20380418/b322434ecac436f7a25cffa090f123db_featured_v2.jpg
Sixth Stage,4.234118852459017,1991.6997950819673,"North Indian, Chinese, South Indian","2130, Technology Road, BDA 3rd Block, Banashankari Stage 6, Kariyana Palya, JP Nagar, Bangalore",Bangalore,/bangalore/sixth-stage-jp-nagar-bangalore/info,https://b.zmtcdn.com/images/res_avatar_476_320_1x_new.png
Dolphins Bar And Kitchen 1977,4.3,728.0,"Chinese, South Indian, Fast Food","112/899/756, 4th Floor, RM Square Agrahara Layout, Opposite RMZ Gallari Apartments, BB Road, Yelahanka, Bangalore",Bangalore,/bangalore/dolphins-bar-and-kitchen-1977-yelahanka-bangalore/info,https://b.zmtcdn.com/data/pictures/6/21974556/7e6c0b85cbc4c4d331538d931db527df_featured_v2.jpg
Brew Square Craft Brewery,4.3,37.0,"North Indian, Chinese, Fast Food","7th Main Road, II Block, HRBR Layout, Kalyan Nagar, Bangalore",Bangalore,/bangalore/brew-square-craft-brewery-kalyan-nagar-bangalore/info,https://b.zmtcdn.com/images/res_avatar_476_320_1x_new.png
2 Pints Brewing,4.3,180.0,"Pizza, Burger, Continental","131/B, Ground Floor, EPIP Area Mahadevapura, Whitefield, Brookefield, Bangalore",Bangalore,/bangalore/2-pints-brewing-brookefield-bangalore/info,https://b.zmtcdn.com/data/pictures/9/22526509/82043a013b611d09d14467d98cebc487_o2_featured_v2.jpg
"Gwalia - Sweets, Snacks & Eatery - Since 1994",4.1,3717.0,"Chinese, Gujarati, Indo-Chinese","442, Sector 4, 17th Cross Road, HSR, Bangalore",Bangalore,/bangalore/gwalia-sweets-snacks-eatery-since-1994-hsr-bangalore/info,https://b.zmtcdn.com/data/pictures/3/21714603/4f4b7b2a81d3e1f4074af5f870f03581_featured_v2.jpg
The Rasoiya Street,4.2,4231.0,"North Indian, Continental, Asian","1st Floor, KR Layout, 6th Phase, 100 Feet Ring Road, Opposite Renault Showroom, JP Nagar, Bangalore",Bangalore,/bangalore/the-rasoiya-street-1-jp-nagar-bangalore/info,https://b.zmtcdn.com/data/pictures/2/20881092/7475559f9878582892d7346623aacd8b_featured_v2.jpg
Sattvam,4.3,3214.0,"North Indian, Chinese, Continental","138/139, 3rd Floor, Opposite Decathlon, Garudacharapalya, Mahadevpura, Whitefield, Bangalore",Bangalore,/bangalore/sattvam-whitefield-bangalore/info,https://b.zmtcdn.com/data/pictures/3/19138723/82570cdf5e51a7a79b1e4a69bf7d953b_featured_v2.jpg
The Filter Coffee,4.2,632.0,"Coffee, South Indian","51, 4th Block, 11th Main Road, Jayanagar, Bangalore",Bangalore,/bangalore/the-filter-coffee-jayanagar-bangalore/info,https://b.zmtcdn.com/data/pictures/chains/9/59319/bd213d766a9aa0bc078491df1b1042ee_featured_v2.jpg
BLR SKY COCKTAIL & GRILL,4.4,716.0,"North Indian, South Indian, Chinese","502, 5Th Floor, Near Hanuman Nagar, Sir M. Visvesvaraya Road, Arekere, Bangalore",Bangalore,/bangalore/blr-sky-cocktail-grill-arekere-bangalore/info,https://b.zmtcdn.com/images/res_avatar_476_320_1x_new.png
Coco's Bar & Kitchen,3.9,298.0,"Bar Food, Italian, North Indian","86, Ground Floor, Spencers Building Church Street, Bangalore",Bangalore,/bangalore/cocos-bar-kitchen-church-street-bangalore/info,https://b.zmtcdn.com/data/pictures/8/20438258/d53c5409bba50bb3e39182bf329fd38b_featured_v2.jpg
MahanagaraM,4.1,1404.0,South Indian,"3rd floor, 229, 7th Main Road, HRBR Layout 2nd Block, HRBR Layout, Kalyan Nagar, Bengaluru, Karnataka, Kalyan Nagar, Bangalore",Bangalore,/bangalore/mahanagaram-kalyan-nagar-bangalore/info,https://b.zmtcdn.com/data/pictures/1/21702501/c167d6b3841d2c63496fa6554b8e60b3_featured_v2.jpg
Mainland China,4.4,4387.0,"Chinese, Asian, Seafood","430, 5th A Cross, 2nd Block, HRBR Layout, Near Girias Ring Road, Kalyan Nagar, Bangalore",Bangalore,/bangalore/mainland-china-kalyan-nagar/info,https://b.zmtcdn.com/data/pictures/chains/3/50633/dcc3d218f00ce657fe0350a509aaf871_featured_v2.jpg
Tea Villa Cafe,4.0,4335.0,"Cafe, Continental, Chinese","183/16, 4th Block, 5th Main Road, Jayanagar, Bangalore",Bangalore,/bangalore/tea-villa-cafe-jayanagar-bangalore/info,https://b.zmtcdn.com/data/pictures/9/18809099/a610431c6f3640e29ad9c91230cb05b7_o2_featured_v2.jpg
Sunrise Bar & Lounge,4.1,1023.0,"Andhra, North Indian, Kebab","1 To 6, Survey 143, Laggere, Duggalamma Road, Peenya, Bangalore",Bangalore,/bangalore/sunrise-bar-lounge-peenya-bangalore/info,https://b.zmtcdn.com/data/pictures/0/18897000/67acc38aabc1c7cc5234aba583cc680d_featured_v2.jpg
Kampot - Gourmet Pan Asian Restaurant,4.2,2382.0,"Vietnamese, Asian, Chinese","Eco World The Bay, Building 6A, 17 Outer ring Road, Bhoganahalli Road, Bellandur, Bangalore",Bangalore,/bangalore/kampot-gourmet-pan-asian-restaurant-bellandur-bangalore/info,https://b.zmtcdn.com/data/pictures/6/20671426/c20aabec105dbfae38ee04f89e77b64a_o2_featured_v2.jpg
Whitefield Baking Company - Bengaluru Marriott Hotel Whitefield,4.3,139.0,"Bakery, American, North Indian","Marriott Hotel Whitefield 8th Road, Plot No 75, EPIP Area, Whitefield, Bangalore",Bangalore,/bangalore/whitefield-baking-company-bengaluru-marriott-hotel-whitefield-whitefield/info,https://b.zmtcdn.com/data/pictures/5/54155/567f995afc82fa4616aa49f3674cfd74_featured_v2.jpg
The Square - Novotel,4.3,1530.0,"North Indian, Italian, American","Survey 41/1, 41/2, Devarabeesanahalli, Opposite Intel Campus, Outer Ring Road, Near Sarjapur Road, Bangalore",Bangalore,/bangalore/the-square-novotel-sarjapur-road-bangalore/info,https://b.zmtcdn.com/data/pictures/8/52948/f5a324a26fa1644f8716353e5eb6689e_o2_featured_v2.jpg
Bangalore Adda,3.8,1340.0,"Salad, Seafood, Kebab","10, Ground Floor, Samruddi, 1st Main, New BEL Road, Bangalore",Bangalore,/bangalore/bangalore-adda-1-new-bel-road-bangalore/info,https://b.zmtcdn.com/data/pictures/5/20361275/298f92da9fea1875612b92be8771d25a_featured_v2.jpg
Falak,4.8,605.0,"North Indian, Awadhi, Mughlai","6/2, The Leela Bhartiya City, Tirumanahalli, Thanisandra Main Road, Jakkur, Bangalore",Bangalore,/bangalore/falak-3-jakkur-bangalore/info,https://b.zmtcdn.com/data/pictures/8/20508728/6d0cad224337599593ffa57db151cba2_featured_v2.jpg
The KA - PI co.,4.1,77.0,"Cafe, Desserts, Beverages","AVS Compound, AVS Layout, 80 Feet Road, Near Sony World Signal, Koramangala 6th Block, Bangalore",Bangalore,/bangalore/the-ka-pi-co-koramangala-6th-block-bangalore/info,https://b.zmtcdn.com/data/pictures/7/22341507/6c36e20f63807c210e9179b77b904b76_o2_featured_v2.jpg
Fire Station,4.1,9138.0,"Finger Food, North Indian, Continental","154, Neeladri Main Road, Doddathoguru, Phase 1, Near Unlimited Store, Electronic City, Bangalore",Bangalore,/bangalore/fire-station-electronic-city-bangalore/info,https://b.zmtcdn.com/data/pictures/9/18758079/2008385f242b51138f1ff912886428f6_featured_v2.jpg
PiRo Kitchens,4.3,856.0,"Pizza, Pasta","771, Balaji Nilaya, 22nd Cross, BBMP South, 2nd Sector, HSR, Bangalore",Bangalore,/bangalore/piro-kitchens-hsr-bangalore/info,https://b.zmtcdn.com/data/pictures/9/22006729/82ddd0186b4c5f1ffeaaf4641fe9f2d5_featured_v2.jpg
Mallika Biryani Estd. 2015,4.1,16.0,"Biryani, South Indian","25/4, Kayalasanahalli, Hobli, Hennur, Bangalore",Bangalore,/bangalore/mallika-biryani-estd-2015-1-hennur-bangalore/info,https://b.zmtcdn.com/data/pictures/0/18940570/1c5238464551492618d30bfbc788dd2f_featured_v2.jpg
Iris Cafe & Kitchen,4.1,1332.0,"Cafe, Coffee, Chinese","735, 29th Main, 16th Cross, JP Nagar, Bangalore",Bangalore,/bangalore/iris-cafe-kitchen-1-jp-nagar-bangalore/info,https://b.zmtcdn.com/data/pictures/9/20745669/6814cdebe79b6743e04804f4b74a2f23_featured_v2.jpg
Taste Of Kyoto,4.0,24.0,"Japanese, Korean, Desserts","407, Ground Floor, 2nd Block, 5th Main Road, Kalyan Nagar, Bangalore",Bangalore,/bangalore/taste-of-kyoto-kalyan-nagar-bangalore/info,https://b.zmtcdn.com/data/pictures/5/22830215/55ca3b72b8ee53ff96270734d602c6cd_o2_featured_v2.jpg
Chavadi Native Kitchen Community Cafe,4.1,5342.0,"North Indian, South Indian, Seafood","Building 69/139/5, 4 4A, Sarvabhouma Nagar, Bilekahalli Arakere, Bannerghatta Road, Bangalore",Bangalore,/bangalore/chavadi-native-kitchen-community-cafe-bannerghatta-road-bangalore/info,https://b.zmtcdn.com/data/pictures/5/59865/a208b00472d45573aeb4e7bc61811e27_o2_featured_v2.jpg
The Studs All Day Diner & Taproom,4.1,311.0,"North Indian, Chinese, Pizza","3rd Floor, 9, Ward-7, 304/9, RMS Layout, G Block, 60 Feet Main Road, Sahakara Nagar, Bangalore",Bangalore,/bangalore/the-studs-all-day-diner-taproom-sahakara-nagar-bangalore/info,https://b.zmtcdn.com/data/pictures/5/22509675/83727847a70297b48a402ed62f7033d8_o2_featured_v2.jpg
Lotus Bay Food Park,4.2,237.0,"South Indian, Chinese, Biryani","Plot O7, Sree Sai Layout, Singanayakanahalli Road, Yelahanka, Bangalore",Bangalore,/bangalore/lotus-bay-food-park-yelahanka-bangalore/info,https://b.zmtcdn.com/data/pictures/4/22608294/2950757d1f20ec2f20f6029a8460ade2_o2_featured_v2.jpg
Rooz Arabic Restaurant,4.3,366.0,"Arabic, Turkish, Lebanese","59, First Floor, Jyothi Nivas, College Road, Koramangala 5th Block, Bangalore",Bangalore,/bangalore/rooz-arabic-restaurant-koramangala-5th-block-bangalore/info,https://b.zmtcdn.com/data/pictures/8/22547858/ab96bc98ba987d6f7db44d14bd24f0ff_o2_featured_v2.jpg
IKOI Tokyo,4.3,656.0,"Japanese, Sushi, Bakery","25/10/2/1, 10/2/2, 5th Phase, Near IDBI Bank, 24th Main Road, JP Nagar, Bangalore",Bangalore,/bangalore/ikoi-tokyo-jp-nagar-bangalore/info,https://b.zmtcdn.com/data/pictures/2/22239912/0116e66a9d0771f1e5c6b9fe6bc72c81_featured_v2.jpg
Brewing Earth Cafe,4.2,72.0,"Chinese, Sandwich, Pizza","134, 2nd Stage, Nagarbavi BDA Layout, 8th Main Road, Nagarbhavi, Bangalore",Bangalore,/bangalore/brewing-earth-cafe-1-nagarbhavi-bangalore/info,https://b.zmtcdn.com/data/pictures/1/22562191/513af728bf40710200318d81534d0995_o2_featured_v2.jpg
BANOFFEE,4.3,13.0,"Continental, Cafe, Steak","2, 4th Sector, Opposite JSS Public School, HSR, Bangalore",Bangalore,/bangalore/banoffee-hsr-bangalore/info,https://b.zmtcdn.com/data/pictures/chains/4/19152894/fd615509fec3c0004b35a8a4eb68c474_featured_v2.jpg
The Local,4.4,6124.0,"Pizza, Continental, Burger","2075, 4th Cross, 2nd Block, HRBR Layout, Kalyan Nagar, Bangalore",Bangalore,/bangalore/the-local-kalyan-nagar-bangalore/info,https://b.zmtcdn.com/data/pictures/2/58982/d4c8fd35b2742880674a4e540dca4079_featured_v2.jpg
Neo Kitchen - Hilton Embassy Manyata Business Park,4.2,1036.0,"Asian, Continental, Italian","Embassy Manyata Business Park, Hebbal Outer Ring Road, Nagawara, Bangalore",Bangalore,/bangalore/neo-kitchen-hilton-embassy-manyata-business-park-nagawara-bangalore/info,https://b.zmtcdn.com/data/pictures/0/20304620/d63fc5a54bf9a1da638c8aade58743cb_featured_v2.jpg
BudBee Zodiac Bar & Kitchen,4.1,394.0,"North Indian, Chinese, Biryani","42/3, Silver Springs Layout, Marathahalli, Bangalore",Bangalore,/bangalore/budbee-zodiac-bar-kitchen-marathahalli-bangalore/info,https://b.zmtcdn.com/images/res_avatar_476_320_1x_new.png
The Lotus Oriental - The Leela Bhartiya City,4.6,457.0,Chinese,"The Leela Bhartiya City, 6/2, Thanisandra Main Road, Tirumanahalli, Jakkur, Bangalore",Bangalore,/bangalore/the-lotus-oriental-the-leela-bhartiya-city-jakkur-bangalore/info,https://b.zmtcdn.com/data/pictures/7/20413597/1517f909fbb8a99efba8b392e3b71412_featured_v2.jpg
Masala Love & Co,4.2,800.0,"North Indian, Chinese, Street Food","183, 28, 2nd Main Road, 7th Block, Jayanagar, Bangalore",Bangalore,/bangalore/masala-love-co-jayanagar-bangalore/info,https://b.zmtcdn.com/data/pictures/5/20929475/d4be4beff8b47ed0aa66c4e8d5b2aa10_o2_featured_v2.jpg
Avocado&Brownies,4.0,320.0,"Bakery, Desserts, Cake","1086, 18th Cross, 1st A Cross, Sector 3, HSR Layout, Bommanahalli, Bangalore",Bangalore,/bangalore/avocado-brownies-bommanahalli-bangalore/info,https://b.zmtcdn.com/data/pictures/4/20867424/22a4784cf2b8e111ad86e11afb1a9555_featured_v2.jpg
Geist Brewing Co.,4.4,4851.0,"North Indian, Modern Indian, Beverages","Shop 23/3, Old Madras Road, Bangalore",Bangalore,/bangalore/geist-brewing-co-old-madras-road-bangalore/info,https://b.zmtcdn.com/data/pictures/1/19532301/0bfc3e2144554db6e06d59ff860abf53_o2_featured_v2.jpg
Leon's Burgers & Wings,4.0,8351.0,"Burger, Fast Food, Wraps","2027, 4th B Cross, A Main, New Town, Yelahanka, Bangalore",Bangalore,/bangalore/leons-burgers-wings-yelahanka-bangalore/info,https://b.zmtcdn.com/data/pictures/chains/1/60551/eefd6011022ffa01ec1c0c9becfaded1_featured_v2.jpg
Indian Durbar - Conrad Bengaluru,4.5,451.0,"North Indian,","25/3, Conrad Bengaluru, Halasuru, Someshwarpura, Kensington Road, Ulsoor, Bangalore",Bangalore,/bangalore/indian-durbar-conrad-bengaluru-ulsoor/info,https://b.zmtcdn.com/data/pictures/6/18632756/f032afc05853a8afe917a848dd35b4b5_featured_v2.jpg
30 Degree North,3.8,46.0,"Beverages, North Indian, Indian","567/10, 1st Floor, 23rd Main, 7th Cross, HSR Layout, Sector 1, HSR, Bangalore",Bangalore,/bangalore/30-degree-north-hsr-bangalore/info,https://b.zmtcdn.com/data/pictures/9/22664849/4faaa76091f668c2505cfbcce603b4ca_o2_featured_v2.jpg
The Creek - The Den Bengaluru,4.2,2046.0,"North Indian, South Indian, Asian","Khata 56, 86 And 88, Sadaramagala Village, Krishnarajapuram, Hobli, KR Puram, Bangalore",Bangalore,/bangalore/the-creek-the-den-bengaluru-kr-puram-bangalore/info,https://b.zmtcdn.com/data/pictures/0/18613270/3258723f34de5334c2b05d9c996a5451_featured_v2.jpg
Vembanad - The Paul Bangalore,4.3,619.0,"Kerala, Seafood, Desserts","139/28, Near Embassy Golf Links, Off Intermediate Ring Road, Domlur, Bangalore",Bangalore,/bangalore/vembanad-the-paul-bangalore-domlur-bangalore/info,https://b.zmtcdn.com/data/pictures/chains/1/51511/71712ac4f31b26cf6e0c506bbd7ee257_featured_v2.jpg
Junglee,4.4,496.0,"North Indian, Rolls, Finger Food","790, 12th Main, 1st Cross Rd, HAL 2nd Stage, Indiranagar, Bangalore",Bangalore,/bangalore/junglee-2-indiranagar-bangalore/info,https://b.zmtcdn.com/data/pictures/3/22477423/6eb2bfab9aa195df5e24f9033c9529f0_o2_featured_v2.jpg
Rasoi,4.2,3401.0,"North Indian, Seafood, Chinese","Plot 03, Opposite Swaminarayan Temple, Kohinoor Road, Dadar East, Mumbai",Mumbai,/mumbai/rasoi-dadar-east/info,https://b.zmtcdn.com/data/pictures/7/19548147/8b22a3b3062719647f71dc2232eb2e55_featured_v2.jpg?output-format=webp
Mutuswami,4.1,4710.0,"South Indian, Sandwich, Pizza","Plot 03, Dadar East, Mumbai",Mumbai,/mumbai/mutuswami-dadar-east/info,https://b.zmtcdn.com/data/pictures/3/19936483/107bf2fa976aeac601dd74ac1499d25f_featured_v2.jpg?output-format=webp
ilili,4.5,2989.0,"Middle Eastern, Continental, Italian","8th Floor, Dadar East, Mumbai",Mumbai,/mumbai/ilili-dadar-east/info,https://b.zmtcdn.com/data/pictures/8/21195108/b221fc22333a78290d247413b0969e91_featured_v2.jpg?output-format=webp
Fish Curry Rice,4.4,1976.0,"Maharashtrian, Goan, Seafood","Shop 3, Fist Floor, Kohinoor Square, NC Kelkar Marg, Dadar Shivaji Park, Mumbai",Mumbai,/mumbai/fish-curry-rice-dadar-shivaji-park/info,https://b.zmtcdn.com/data/pictures/chains/3/19988483/19cc5a016bba7f9bf8e5fa55e32db908_featured_v2.jpg?output-format=webp
Mogo,4.2,929.0,"Korean, Asian, Coffee","96, Jahangir Baug, Swatantryaveer Savarkar Road, Mahim, Mumbai",Mumbai,/mumbai/mogo-mahim/info,https://b.zmtcdn.com/data/pictures/2/21548972/f3c04d7ce174ebc7154817739bf1a87e_featured_v2.jpg?output-format=webp
Harajuku Tokyo Cafe,4.2,2134.0,"Seafood, Beverages, Asian","2nd Floor, Bandra Kurla Complex, Jio World Drive, Bandra East, Mumbai",Mumbai,/mumbai/harajuku-tokyo-cafe-bandra-east/info,https://b.zmtcdn.com/data/pictures/1/22234881/a247508cf15f8a1cbb9c2ee245bf53ec_featured_v2.jpg?output-format=webp
SAZ American Brasserie,4.4,2973.0,"Burger, Continental, American","Ground Floor, Jio World Drive, Bandra East, Mumbai",Mumbai,/mumbai/saz-american-brasserie-bandra-east/info,https://b.zmtcdn.com/data/pictures/1/20199801/93382e527cd58bca98bc082f28d35c6c_featured_v2.jpg?output-format=webp
Ping's Cafe Orient,4.6,4015.0,"Chinese, Asian, Japanese","Gate 1, NRK House, Senapati Bapat Marg, Near Kamala Mill, Lower Parel, Mumbai",Mumbai,/mumbai/pings-cafe-orient-lower-parel/info,https://b.zmtcdn.com/data/pictures/0/20074910/ea0e32e34fbe456b562705a43df9251f_o2_featured_v2.jpg?output-format=webp
Someplace Else - Drink & Dine,4.2,4496.0,"North Indian, Continental, Asian","Level 2, Jio World Drive, Maker Maxity, Bandra Kurla Complex, Mumbai",Mumbai,/mumbai/someplace-else-drink-dine-bandra-kurla-complex/info,https://b.zmtcdn.com/data/pictures/6/20111786/1a75a15d6a2faf64bf7877ff2d16978d_featured_v2.jpg?output-format=webp
Razzo - Carnival O'Italia,3.7,216.0,"Italian, Pizza, Pasta","Shop 10, Building 2, Khimji Nagji Chawl, Ward G/S, Opposite Phoenix Tower, Lower Parel, Mumbai",Mumbai,/mumbai/razzo-carnival-oitalia-lower-parel/info,https://b.zmtcdn.com/data/pictures/2/22027962/1406618e5a6213e542ed702a8f3835c7_o2_featured_v2.jpg
